id:ID(Trial),label,indication,trial_phase_max,has_phase3,status,trial_count,notes,source,raw_source_ids
TRIAL_aab-003_0,aab-003 trial for Alzheimer's Disease,Alzheimer's Disease,,False,discontinued,,Alzheimer's Disease (Discontinued),AlzForum.Therapeutics,aab-003
TRIAL_aadvac1_1,"aadvac1 trial for Alzheimer's Disease, Progressive Nonfluent Aphasia","Alzheimer's Disease, Progressive Nonfluent Aphasia",2.0,False,ongoing,3.0,"Alzheimer's Disease (Phase 2), Progressive Nonfluent Aphasia (Phase 1)",AlzForum.Therapeutics,aadvac1
TRIAL_aav-gad_2,aav-gad trial for Parkinson's Disease,Parkinson's Disease,2.0,False,ongoing,,Parkinson's Disease (Phase 2),AlzForum.Therapeutics,aav-gad
TRIAL_aav2-bdnf_3,"aav2-bdnf trial for MCI due to AD, Alzheimer's Disease","MCI due to AD, Alzheimer's Disease",1.0,False,ongoing,,"MCI due to AD (Phase 1), Alzheimer's Disease (Phase 1)",AlzForum.Therapeutics,aav2-bdnf
TRIAL_abbv-1088_4,abbv-1088 trial for Parkinson's Disease,Parkinson's Disease,1.0,False,ongoing,,Parkinson's Disease (Phase 1),AlzForum.Therapeutics,abbv-1088
TRIAL_abbv-552_5,abbv-552 trial for Alzheimer's Disease,Alzheimer's Disease,1.0,False,ongoing,,Alzheimer's Disease (Phase 1),AlzForum.Therapeutics,abbv-552
TRIAL_abbv-916_6,abbv-916 trial for Alzheimer's Disease,Alzheimer's Disease,,False,discontinued,,Alzheimer's Disease (Discontinued),AlzForum.Therapeutics,abbv-916
TRIAL_abt-089_7,abt-089 trial for Alzheimer's Disease,Alzheimer's Disease,,False,discontinued,,Alzheimer's Disease (Discontinued),AlzForum.Therapeutics,abt-089
TRIAL_abt-288_8,abt-288 trial for Alzheimer's Disease,Alzheimer's Disease,,False,discontinued,,Alzheimer's Disease (Discontinued),AlzForum.Therapeutics,abt-288
TRIAL_abt-384_9,abt-384 trial for Alzheimer's Disease,Alzheimer's Disease,,False,discontinued,,Alzheimer's Disease (Discontinued),AlzForum.Therapeutics,abt-384
TRIAL_abt-418_10,abt-418 trial for Alzheimer's Disease,Alzheimer's Disease,,False,discontinued,,Alzheimer's Disease (Discontinued),AlzForum.Therapeutics,abt-418
TRIAL_abt-957_11,abt-957 trial for Alzheimer's Disease,Alzheimer's Disease,,False,discontinued,,Alzheimer's Disease (Discontinued),AlzForum.Therapeutics,abt-957
TRIAL_abvac40_12,abvac40 trial for Alzheimer's Disease,Alzheimer's Disease,2.0,False,ongoing,1.0,Alzheimer's Disease (Phase 2),AlzForum.Therapeutics,abvac40
TRIAL_acd856_13,acd856 trial for Alzheimer's Disease,Alzheimer's Disease,1.0,False,ongoing,,Alzheimer's Disease (Phase 1),AlzForum.Therapeutics,acd856
TRIAL_acetyl-l-carnitine-hci_14,acetyl-l-carnitine-hci trial for Alzheimer's Disease,Alzheimer's Disease,,False,discontinued,,Alzheimer's Disease (Discontinued),AlzForum.Therapeutics,acetyl-l-carnitine-hci
TRIAL_aci-24060_15,"aci-24060 trial for Alzheimer's Disease, Down's Syndrome","Alzheimer's Disease, Down's Syndrome",12.0,False,ongoing,1.0,"Alzheimer's Disease (Phase 2), Down's Syndrome (Phase 2)",AlzForum.Therapeutics,aci-24060
TRIAL_aci-3024_16,"aci-3024 trial for Alzheimer's Disease, Other Tauopathy","Alzheimer's Disease, Other Tauopathy",0.0,False,ongoing,,"Alzheimer's Disease (Inactive), Other Tauopathy (Phase 0)",AlzForum.Therapeutics,aci-3024
TRIAL_aci-7104056_17,"aci-7104056 trial for Parkinson's Disease, Multiple System Atrophy","Parkinson's Disease, Multiple System Atrophy",2.0,False,ongoing,,"Parkinson's Disease (Phase 2), Multiple System Atrophy (Phase 1)",AlzForum.Therapeutics,aci-7104056
TRIAL_acitretin_18,acitretin trial for Alzheimer's Disease,Alzheimer's Disease,2.0,False,ongoing,1.0,Alzheimer's Disease (Phase 2),AlzForum.Therapeutics,acitretin
TRIAL_acp-204_19,acp-204 trial for Alzheimer's Disease,Alzheimer's Disease,2.0,False,ongoing,,Alzheimer's Disease (Phase 2/3),AlzForum.Therapeutics,acp-204
TRIAL_adel-y01_20,adel-y01 trial for Alzheimer's Disease,Alzheimer's Disease,1.0,False,ongoing,,Alzheimer's Disease (Phase 1),AlzForum.Therapeutics,adel-y01
TRIAL_aduhelm_21,aduhelm trial for Alzheimer's Disease,Alzheimer's Disease,3.0,False,approved,2.0,Alzheimer's Disease (Approved),AlzForum.Therapeutics,aduhelm
TRIAL_af-102b_22,af-102b trial for Alzheimer's Disease,Alzheimer's Disease,,False,discontinued,,Alzheimer's Disease (Discontinued),AlzForum.Therapeutics,af-102b
TRIAL_affitope-ad02_23,affitope-ad02 trial for Alzheimer's Disease,Alzheimer's Disease,2.0,False,discontinued,1.0,Alzheimer's Disease (Discontinued),AlzForum.Therapeutics,affitope-ad02
TRIAL_agb101_24,agb101 trial for MCI-AD,MCI-AD,2.0,False,ongoing,,MCI-AD (Phase 2/3),AlzForum.Therapeutics,agb101
TRIAL_ait-101_25,ait-101 trial for Amyotrophic Lateral Sclerosis,Amyotrophic Lateral Sclerosis,2.0,False,ongoing,,Amyotrophic Lateral Sclerosis (Phase 2),AlzForum.Therapeutics,ait-101
TRIAL_akst4290_26,akst4290 trial for Parkinson's Disease,Parkinson's Disease,2.0,False,ongoing,,Parkinson's Disease (Phase 2),AlzForum.Therapeutics,akst4290
TRIAL_al002_27,al002 trial for Alzheimer's Disease,Alzheimer's Disease,,False,discontinued,,Alzheimer's Disease (Discontinued),AlzForum.Therapeutics,al002
TRIAL_al003_28,al003 trial for Alzheimer's Disease,Alzheimer's Disease,,False,discontinued,,Alzheimer's Disease (Discontinued),AlzForum.Therapeutics,al003
TRIAL_al044_29,al044 trial for Alzheimer's Disease,Alzheimer's Disease,1.0,False,ongoing,,Alzheimer's Disease (Phase 1),AlzForum.Therapeutics,al044
TRIAL_al101_30,al101 trial for Alzheimer's Disease,Alzheimer's Disease,2.0,False,ongoing,,Alzheimer's Disease (Phase 2),AlzForum.Therapeutics,al101
TRIAL_alia-1758_31,alia-1758 trial for Alzheimer's Disease,Alzheimer's Disease,1.0,False,ongoing,,Alzheimer's Disease (Phase 1),AlzForum.Therapeutics,alia-1758
TRIAL_allopregnanolone_32,"allopregnanolone trial for Alzheimer's Disease, Parkinson's Disease","Alzheimer's Disease, Parkinson's Disease",2.0,False,ongoing,,"Alzheimer's Disease (Phase 2), Parkinson's Disease (Phase 1)",AlzForum.Therapeutics,allopregnanolone
TRIAL_alpha-tocopherol_33,alpha-tocopherol trial for Alzheimer's Disease,Alzheimer's Disease,3.0,True,ongoing,,Alzheimer's Disease (Phase 3),AlzForum.Therapeutics,alpha-tocopherol
TRIAL_alx-001_34,alx-001 trial for Alzheimer's Disease,Alzheimer's Disease,1.0,False,ongoing,,Alzheimer's Disease (Phase 1),AlzForum.Therapeutics,alx-001
TRIAL_alz-101_35,alz-101 trial for Alzheimer's Disease,Alzheimer's Disease,1.0,False,ongoing,,Alzheimer's Disease (Phase 1),AlzForum.Therapeutics,alz-101
TRIAL_alz-801_36,alz-801 trial for Alzheimer's Disease,Alzheimer's Disease,3.0,True,ongoing,3.0,Alzheimer's Disease (Phase 3),AlzForum.Therapeutics,alz-801
TRIAL_alzhemedtm_37,alzhemedtm trial for Alzheimer's Disease,Alzheimer's Disease,,False,discontinued,,Alzheimer's Disease (Discontinued),AlzForum.Therapeutics,alzhemedtm
TRIAL_alzt-op1_38,alzt-op1 trial for Alzheimer's Disease,Alzheimer's Disease,3.0,True,ongoing,1.0,Alzheimer's Disease (Phase 3),AlzForum.Therapeutics,alzt-op1
TRIAL_ambroxol_39,"ambroxol trial for Parkinson's Disease, Parkinson's Disease Dementia, Dementia with Lewy Bodies","Parkinson's Disease, Parkinson's Disease Dementia, Dementia with Lewy Bodies",2.0,False,ongoing,,"Parkinson's Disease (Phase 2), Parkinson's Disease Dementia (Phase 2), Dementia with Lewy Bodies (Phase 2)",AlzForum.Therapeutics,ambroxol
TRIAL_amilomotide_40,amilomotide trial for Alzheimer's Disease,Alzheimer's Disease,2.0,False,unknown,5.0,Alzheimer's Disease (Inactive),AlzForum.Therapeutics,amilomotide
TRIAL_an-1792_41,an-1792 trial for Alzheimer's Disease,Alzheimer's Disease,2.0,False,discontinued,1.0,Alzheimer's Disease (Discontinued),AlzForum.Therapeutics,an-1792
TRIAL_anpd001_42,anpd001 trial for Parkinson's Disease,Parkinson's Disease,1.0,False,ongoing,,Parkinson's Disease (Phase 1),AlzForum.Therapeutics,anpd001
TRIAL_anx005_43,anx005 trial for Amyotrophic Lateral Sclerosis,Amyotrophic Lateral Sclerosis,2.0,False,ongoing,,Amyotrophic Lateral Sclerosis (Phase 2),AlzForum.Therapeutics,anx005
TRIAL_apabetalone_44,apabetalone trial for MCI-VaD,MCI-VaD,3.0,True,ongoing,,MCI-VaD (Phase 3),AlzForum.Therapeutics,apabetalone
TRIAL_apnmab005_45,apnmab005 trial for Alzheimer's Disease,Alzheimer's Disease,1.0,False,ongoing,,Alzheimer's Disease (Phase 1),AlzForum.Therapeutics,apnmab005
TRIAL_aqneursa_46,"aqneursa trial for Niemann-Pick Diseases, Ataxia, Lysosomal Storage Diseases, Nervous System","Niemann-Pick Diseases, Ataxia, Lysosomal Storage Diseases, Nervous System",3.0,True,approved,,"Niemann-Pick Diseases (Approved), Ataxia (Phase 3), Lysosomal Storage Diseases, Nervous System (Phase 2)",AlzForum.Therapeutics,aqneursa
TRIAL_aqw051_47,"aqw051 trial for Alzheimer's Disease, Parkinson's Disease, Schizophrenia","Alzheimer's Disease, Parkinson's Disease, Schizophrenia",2.0,False,ongoing,,"Alzheimer's Disease (Inactive), Parkinson's Disease (Phase 2), Schizophrenia (Phase 2)",AlzForum.Therapeutics,aqw051
TRIAL_ar1001_48,ar1001 trial for Alzheimer's Disease,Alzheimer's Disease,3.0,True,ongoing,,Alzheimer's Disease (Phase 3),AlzForum.Therapeutics,ar1001
TRIAL_arimoclomol_49,"arimoclomol trial for Niemann-Pick Diseases, Amyotrophic Lateral Sclerosis, Gaucher Disease","Niemann-Pick Diseases, Amyotrophic Lateral Sclerosis, Gaucher Disease",,False,approved,,"Niemann-Pick Diseases (Approved), Amyotrophic Lateral Sclerosis (Discontinued), Gaucher Disease (Discontinued)",AlzForum.Therapeutics,arimoclomol
TRIAL_aripiprazole_50,"aripiprazole trial for Alzheimer's Disease, Schizophrenia","Alzheimer's Disease, Schizophrenia",3.0,True,approved,,"Alzheimer's Disease (Phase 3), Schizophrenia (Approved)",AlzForum.Therapeutics,aripiprazole
TRIAL_arv-102_51,arv-102 trial for Parkinson's Disease,Parkinson's Disease,1.0,False,ongoing,,Parkinson's Disease (Phase 1),AlzForum.Therapeutics,arv-102
TRIAL_asn51_52,asn51 trial for Alzheimer's Disease,Alzheimer's Disease,,False,unknown,,Alzheimer's Disease (Inactive),AlzForum.Therapeutics,asn51
TRIAL_asn90_53,asn90 trial for Progressive Supranuclear Palsy,Progressive Supranuclear Palsy,1.0,False,ongoing,,Progressive Supranuclear Palsy (Phase 1),AlzForum.Therapeutics,asn90
TRIAL_atabecestat_54,atabecestat trial for Alzheimer's Disease,Alzheimer's Disease,23.0,False,discontinued,3.0,Alzheimer's Disease (Discontinued),AlzForum.Therapeutics,atabecestat
TRIAL_atb2005a_55,"atb2005a trial for Alzheimer's Disease, Progressive Supranuclear Palsy","Alzheimer's Disease, Progressive Supranuclear Palsy",1.0,False,ongoing,,"Alzheimer's Disease (Phase 1), Progressive Supranuclear Palsy (Phase 1)",AlzForum.Therapeutics,atb2005a
TRIAL_atomoxetine_56,"atomoxetine trial for Alzheimer's Disease, Parkinson's Disease","Alzheimer's Disease, Parkinson's Disease",2.0,False,ongoing,,"Alzheimer's Disease (Phase 2), Parkinson's Disease (Phase 1)",AlzForum.Therapeutics,atomoxetine
TRIAL_atorvastatin_57,atorvastatin trial for Alzheimer's Disease,Alzheimer's Disease,,False,unknown,,Alzheimer's Disease (Inactive),AlzForum.Therapeutics,atorvastatin
TRIAL_atuzaginstat_58,atuzaginstat trial for Alzheimer's Disease,Alzheimer's Disease,,False,discontinued,,Alzheimer's Disease (Discontinued),AlzForum.Therapeutics,atuzaginstat
TRIAL_autologous-adipose-derived-stem-cells_59,autologous-adipose-derived-stem-cells trial for Alzheimer's Disease,Alzheimer's Disease,1.0,False,ongoing,,Alzheimer's Disease (Phase 1/2),AlzForum.Therapeutics,autologous-adipose-derived-stem-cells
TRIAL_av-1959d_60,av-1959d trial for Alzheimer's Disease,Alzheimer's Disease,1.0,False,ongoing,,Alzheimer's Disease (Phase 1),AlzForum.Therapeutics,av-1959d
TRIAL_av-1980ra_61,av-1980ra trial for Alzheimer's Disease,Alzheimer's Disease,1.0,False,ongoing,,Alzheimer's Disease (Phase 1),AlzForum.Therapeutics,av-1980ra
TRIAL_avagacestat_62,avagacestat trial for Alzheimer's Disease,Alzheimer's Disease,2.0,False,discontinued,1.0,Alzheimer's Disease (Discontinued),AlzForum.Therapeutics,avagacestat
TRIAL_avb-101_63,avb-101 trial for Frontotemporal Dementia,Frontotemporal Dementia,1.0,False,ongoing,,Frontotemporal Dementia (Phase 1/2),AlzForum.Therapeutics,avb-101
TRIAL_avp-786_64,"avp-786 trial for Alzheimer's Disease, Schizophrenia","Alzheimer's Disease, Schizophrenia",,False,discontinued,,"Alzheimer's Disease (Discontinued), Schizophrenia (Discontinued)",AlzForum.Therapeutics,avp-786
TRIAL_avp-923_65,"avp-923 trial for Alzheimer's Disease, Amyotrophic Lateral Sclerosis, Parkinson's Disease","Alzheimer's Disease, Amyotrophic Lateral Sclerosis, Parkinson's Disease",4.0,True,ongoing,,"Alzheimer's Disease (Phase 4), Amyotrophic Lateral Sclerosis (Phase 3), Parkinson's Disease (Phase 3)",AlzForum.Therapeutics,avp-923
TRIAL_axs-05_66,axs-05 trial for Alzheimer's Disease,Alzheimer's Disease,2.0,False,ongoing,,Alzheimer's Disease (Phase 2/3),AlzForum.Therapeutics,axs-05
TRIAL_azd1446_67,azd1446 trial for Alzheimer's Disease,Alzheimer's Disease,2.0,False,discontinued,2.0,Alzheimer's Disease (Discontinued),AlzForum.Therapeutics,azd1446
TRIAL_azd3293_68,azd3293 trial for Alzheimer's Disease,Alzheimer's Disease,23.0,False,discontinued,2.0,Alzheimer's Disease (Discontinued),AlzForum.Therapeutics,azd3293
TRIAL_azd3480_69,azd3480 trial for Alzheimer's Disease,Alzheimer's Disease,,False,unknown,,Alzheimer's Disease (Inactive),AlzForum.Therapeutics,azd3480
TRIAL_azeliragon_70,azeliragon trial for Alzheimer's Disease,Alzheimer's Disease,23.0,False,discontinued,2.0,Alzheimer's Disease (Discontinued),AlzForum.Therapeutics,azeliragon
TRIAL_bapineuzumab_71,bapineuzumab trial for Alzheimer's Disease,Alzheimer's Disease,3.0,False,discontinued,10.0,Alzheimer's Disease (Discontinued),AlzForum.Therapeutics,bapineuzumab
TRIAL_baricitinib_72,"baricitinib trial for Alzheimer's Disease, Amyotrophic Lateral Sclerosis","Alzheimer's Disease, Amyotrophic Lateral Sclerosis",2.0,False,ongoing,,"Alzheimer's Disease (Phase 2), Amyotrophic Lateral Sclerosis (Phase 1)",AlzForum.Therapeutics,baricitinib
TRIAL_bemdaneprocel_73,bemdaneprocel trial for Parkinson's Disease,Parkinson's Disease,1.0,False,ongoing,,Parkinson's Disease (Phase 1),AlzForum.Therapeutics,bemdaneprocel
TRIAL_benfotiamine_74,benfotiamine trial for Alzheimer's Disease,Alzheimer's Disease,2.0,False,ongoing,,Alzheimer's Disease (Phase 2),AlzForum.Therapeutics,benfotiamine
TRIAL_bepranemab_75,"bepranemab trial for Progressive Supranuclear Palsy, Alzheimer's Disease","Progressive Supranuclear Palsy, Alzheimer's Disease",2.0,False,ongoing,1.0,"Progressive Supranuclear Palsy (Phase 1), Alzheimer's Disease (Phase 2)",AlzForum.Therapeutics,bepranemab
TRIAL_besipirdine-hcl_76,besipirdine-hcl trial for Alzheimer's Disease,Alzheimer's Disease,,False,discontinued,,Alzheimer's Disease (Discontinued),AlzForum.Therapeutics,besipirdine-hcl
TRIAL_bexarotene_77,bexarotene trial for Alzheimer's Disease,Alzheimer's Disease,2.0,False,ongoing,,Alzheimer's Disease (Phase 2),AlzForum.Therapeutics,bexarotene
TRIAL_bezisterim_78,"bezisterim trial for Alzheimer's Disease, Parkinson's Disease","Alzheimer's Disease, Parkinson's Disease",3.0,True,ongoing,,"Alzheimer's Disease (Phase 3), Parkinson's Disease (Phase 1/2)",AlzForum.Therapeutics,bezisterim
TRIAL_bi-1181181_79,bi-1181181 trial for Alzheimer's Disease,Alzheimer's Disease,,False,discontinued,,Alzheimer's Disease (Discontinued),AlzForum.Therapeutics,bi-1181181
TRIAL_bi-409306_80,"bi-409306 trial for Alzheimer's Disease, Schizophrenia","Alzheimer's Disease, Schizophrenia",2.0,False,discontinued,2.0,"Alzheimer's Disease (Discontinued), Schizophrenia (Phase 2)",AlzForum.Therapeutics,bi-409306
TRIAL_bifidobacterium-breve-a1_81,bifidobacterium-breve-a1 trial for Mild Cognitive Impairment,Mild Cognitive Impairment,2.0,False,ongoing,,Mild Cognitive Impairment (Phase 2),AlzForum.Therapeutics,bifidobacterium-breve-a1
TRIAL_biib076_82,biib076 trial for Alzheimer's Disease,Alzheimer's Disease,,False,discontinued,,Alzheimer's Disease (Discontinued),AlzForum.Therapeutics,biib076
TRIAL_biib078_83,biib078 trial for Amyotrophic Lateral Sclerosis,Amyotrophic Lateral Sclerosis,,False,discontinued,,Amyotrophic Lateral Sclerosis (Discontinued),AlzForum.Therapeutics,biib078
TRIAL_biib080_84,biib080 trial for Alzheimer's Disease,Alzheimer's Disease,12.0,False,ongoing,1.0,Alzheimer's Disease (Phase 1),AlzForum.Therapeutics,biib080
TRIAL_biib100_85,biib100 trial for Amyotrophic Lateral Sclerosis,Amyotrophic Lateral Sclerosis,,False,discontinued,,Amyotrophic Lateral Sclerosis (Discontinued),AlzForum.Therapeutics,biib100
TRIAL_biib105_86,biib105 trial for Amyotrophic Lateral Sclerosis,Amyotrophic Lateral Sclerosis,,False,discontinued,,Amyotrophic Lateral Sclerosis (Discontinued),AlzForum.Therapeutics,biib105
TRIAL_biib113_87,biib113 trial for Alzheimer's Disease,Alzheimer's Disease,,False,discontinued,,Alzheimer's Disease (Discontinued),AlzForum.Therapeutics,biib113
TRIAL_biib118_88,"biib118 trial for Alzheimer's Disease, Parkinson's Disease","Alzheimer's Disease, Parkinson's Disease",1.0,False,ongoing,,"Alzheimer's Disease (Phase 1), Parkinson's Disease (Phase 1)",AlzForum.Therapeutics,biib118
TRIAL_blarcamesine_89,"blarcamesine trial for Alzheimer's Disease, Parkinson's Disease Dementia, Parkinson's Disease","Alzheimer's Disease, Parkinson's Disease Dementia, Parkinson's Disease",2.0,False,ongoing,1.0,"Alzheimer's Disease (Phase 2/3), Parkinson's Disease Dementia (Phase 2), Parkinson's Disease (Phase 1)",AlzForum.Therapeutics,blarcamesine
TRIAL_bms-986446_90,bms-986446 trial for Alzheimer's Disease,Alzheimer's Disease,2.0,False,ongoing,1.0,Alzheimer's Disease (Phase 2),AlzForum.Therapeutics,bms-986446
TRIAL_bosutinib_91,"bosutinib trial for Alzheimer's Disease, Dementia with Lewy Bodies","Alzheimer's Disease, Dementia with Lewy Bodies",2.0,False,ongoing,,"Alzheimer's Disease (Phase 2), Dementia with Lewy Bodies (Phase 2)",AlzForum.Therapeutics,bosutinib
TRIAL_bpn14770_92,bpn14770 trial for Alzheimer's Disease,Alzheimer's Disease,2.0,False,ongoing,,Alzheimer's Disease (Phase 2),AlzForum.Therapeutics,bpn14770
TRIAL_brexpiprazole_93,"brexpiprazole trial for Alzheimer's Disease, Schizophrenia","Alzheimer's Disease, Schizophrenia",3.0,False,approved,2.0,"Alzheimer's Disease (Approved), Schizophrenia (Approved)",AlzForum.Therapeutics,brexpiprazole
TRIAL_bryostatin-1_94,bryostatin-1 trial for Alzheimer's Disease,Alzheimer's Disease,2.0,False,ongoing,3.0,Alzheimer's Disease (Phase 2),AlzForum.Therapeutics,bryostatin-1
TRIAL_bt-267_95,bt-267 trial for Parkinson's Disease,Parkinson's Disease,1.0,False,ongoing,,Parkinson's Disease (Phase 1),AlzForum.Therapeutics,bt-267
TRIAL_buntanetap_96,"buntanetap trial for Alzheimer's Disease, Parkinson's Disease","Alzheimer's Disease, Parkinson's Disease",3.0,True,ongoing,,"Alzheimer's Disease (Phase 2/3), Parkinson's Disease (Phase 3)",AlzForum.Therapeutics,buntanetap
TRIAL_bxcl501_97,bxcl501 trial for Alzheimer's Disease,Alzheimer's Disease,3.0,True,ongoing,,Alzheimer's Disease (Phase 3),AlzForum.Therapeutics,bxcl501
TRIAL_candesartan_98,"candesartan trial for Mild Cognitive Impairment, Alzheimer's Disease","Mild Cognitive Impairment, Alzheimer's Disease",2.0,False,ongoing,,"Mild Cognitive Impairment (Phase 2), Alzheimer's Disease (Phase 2)",AlzForum.Therapeutics,candesartan
TRIAL_cannabidiol_99,cannabidiol trial for Alzheimer's Disease,Alzheimer's Disease,2.0,False,ongoing,,Alzheimer's Disease (Phase 2),AlzForum.Therapeutics,cannabidiol
TRIAL_carvedilol_100,carvedilol trial for Alzheimer's Disease,Alzheimer's Disease,4.0,True,ongoing,,Alzheimer's Disease (Phase 4),AlzForum.Therapeutics,carvedilol
TRIAL_cdnf_101,cdnf trial for Parkinson's Disease,Parkinson's Disease,1.0,False,ongoing,,Parkinson's Disease (Phase 1/2),AlzForum.Therapeutics,cdnf
TRIAL_celecoxib_102,celecoxib trial for Alzheimer's Disease,Alzheimer's Disease,,False,discontinued,,Alzheimer's Disease (Discontinued),AlzForum.Therapeutics,celecoxib
TRIAL_ceperognastat_103,ceperognastat trial for Alzheimer's Disease,Alzheimer's Disease,,False,discontinued,,Alzheimer's Disease (Discontinued),AlzForum.Therapeutics,ceperognastat
TRIAL_cere-110_104,cere-110 trial for Alzheimer's Disease,Alzheimer's Disease,,False,discontinued,,Alzheimer's Disease (Discontinued),AlzForum.Therapeutics,cere-110
TRIAL_cerebrolysin_105,cerebrolysin trial for Alzheimer's Disease,Alzheimer's Disease,2.0,False,ongoing,,Alzheimer's Disease (Phase 2),AlzForum.Therapeutics,cerebrolysin
TRIAL_chf-5074_106,"chf-5074 trial for Mild Cognitive Impairment, Alzheimer's Disease","Mild Cognitive Impairment, Alzheimer's Disease",2.0,False,ongoing,2.0,"Mild Cognitive Impairment (Phase 2), Alzheimer's Disease (Inactive)",AlzForum.Therapeutics,chf-5074
TRIAL_cinpanemab_107,cinpanemab trial for Parkinson's Disease,Parkinson's Disease,,False,discontinued,,Parkinson's Disease (Discontinued),AlzForum.Therapeutics,cinpanemab
TRIAL_circadin_108,circadin trial for Alzheimer's Disease,Alzheimer's Disease,2.0,False,ongoing,,Alzheimer's Disease (Phase 2),AlzForum.Therapeutics,circadin
TRIAL_citalopram_109,"citalopram trial for Alzheimer's Disease, Preclinical Alzheimer's Disease","Alzheimer's Disease, Preclinical Alzheimer's Disease",3.0,True,ongoing,,"Alzheimer's Disease (Phase 3), Preclinical Alzheimer's Disease (Inactive)",AlzForum.Therapeutics,citalopram
TRIAL_clioquinol_110,clioquinol trial for Alzheimer's Disease,Alzheimer's Disease,,False,discontinued,,Alzheimer's Disease (Discontinued),AlzForum.Therapeutics,clioquinol
TRIAL_cnm-au8_111,"cnm-au8 trial for Parkinson's Disease, Amyotrophic Lateral Sclerosis","Parkinson's Disease, Amyotrophic Lateral Sclerosis",2.0,False,ongoing,,"Parkinson's Disease (Phase 2), Amyotrophic Lateral Sclerosis (Phase 2/3)",AlzForum.Therapeutics,cnm-au8
TRIAL_cocoa-flavanols_112,cocoa-flavanols trial for Mild Cognitive Impairment,Mild Cognitive Impairment,,False,unknown,,Mild Cognitive Impairment (Not Regulated),AlzForum.Therapeutics,cocoa-flavanols
TRIAL_cognishunt%E2%84%A2_113,cognishunt%E2%84%A2 trial for Alzheimer's Disease,Alzheimer's Disease,,False,unknown,,Alzheimer's Disease (Inactive),AlzForum.Therapeutics,cognishunt%E2%84%A2
TRIAL_continuous-positive-airway-pressure_114,continuous-positive-airway-pressure trial for Alzheimer's Disease,Alzheimer's Disease,3.0,True,ongoing,,Alzheimer's Disease (Phase 3),AlzForum.Therapeutics,continuous-positive-airway-pressure
TRIAL_coya-302_115,"coya-302 trial for Amyotrophic Lateral Sclerosis, Frontotemporal Dementia","Amyotrophic Lateral Sclerosis, Frontotemporal Dementia",1.0,False,ongoing,,"Amyotrophic Lateral Sclerosis (Phase 1), Frontotemporal Dementia (Phase 1)",AlzForum.Therapeutics,coya-302
TRIAL_cpg-1018r_116,cpg-1018r trial for Alzheimer's Disease,Alzheimer's Disease,1.0,False,ongoing,,Alzheimer's Disease (Phase 1),AlzForum.Therapeutics,cpg-1018r
TRIAL_crenezumab_117,crenezumab trial for Alzheimer's Disease,Alzheimer's Disease,3.0,False,discontinued,5.0,Alzheimer's Disease (Discontinued),AlzForum.Therapeutics,crenezumab
TRIAL_cs6253_118,cs6253 trial for Alzheimer's Disease,Alzheimer's Disease,1.0,False,ongoing,,Alzheimer's Disease (Phase 1),AlzForum.Therapeutics,cs6253
TRIAL_cst-103_119,"cst-103 trial for Mild Cognitive Impairment, Parkinson's Disease, Amyotrophic Lateral Sclerosis","Mild Cognitive Impairment, Parkinson's Disease, Amyotrophic Lateral Sclerosis",2.0,False,ongoing,,"Mild Cognitive Impairment (Phase 2), Parkinson's Disease (Phase 2), Amyotrophic Lateral Sclerosis (Phase 2)",AlzForum.Therapeutics,cst-103
TRIAL_cst-2032_120,"cst-2032 trial for Mild Cognitive Impairment, Parkinson's Disease","Mild Cognitive Impairment, Parkinson's Disease",2.0,False,ongoing,,"Mild Cognitive Impairment (Phase 2), Parkinson's Disease (Phase 2)",AlzForum.Therapeutics,cst-2032
TRIAL_curcumin_121,curcumin trial for Alzheimer's Disease,Alzheimer's Disease,2.0,False,ongoing,,Alzheimer's Disease (Phase 2),AlzForum.Therapeutics,curcumin
TRIAL_cx516_122,cx516 trial for Alzheimer's Disease,Alzheimer's Disease,,False,discontinued,,Alzheimer's Disease (Discontinued),AlzForum.Therapeutics,cx516
TRIAL_cy6463_123,cy6463 trial for Alzheimer's Disease,Alzheimer's Disease,2.0,False,ongoing,,Alzheimer's Disease (Phase 2),AlzForum.Therapeutics,cy6463
TRIAL_dapagliflozin_124,dapagliflozin trial for Alzheimer's Disease,Alzheimer's Disease,1.0,False,ongoing,,Alzheimer's Disease (Phase 1/2),AlzForum.Therapeutics,dapagliflozin
TRIAL_dapsone_125,dapsone trial for Alzheimer's Disease,Alzheimer's Disease,,False,unknown,,Alzheimer's Disease (Inactive),AlzForum.Therapeutics,dapsone
TRIAL_dasatinib-quercetin_126,dasatinib-quercetin trial for Alzheimer's Disease,Alzheimer's Disease,1.0,False,ongoing,,Alzheimer's Disease (Phase 1/2),AlzForum.Therapeutics,dasatinib-quercetin
TRIAL_davunetide_127,"davunetide trial for Mild Cognitive Impairment, Progressive Supranuclear Palsy, Schizophrenia, Frontotemporal Dementia, Autism Spectrum Disorder","Mild Cognitive Impairment, Progressive Supranuclear Palsy, Schizophrenia, Frontotemporal Dementia, Autism Spectrum Disorder",3.0,True,ongoing,,"Mild Cognitive Impairment (Inactive), Progressive Supranuclear Palsy (Inactive), Schizophrenia (Inactive), Frontotemporal Dementia (Inactive), Autism Spectrum Disorder (Phase 3)",AlzForum.Therapeutics,davunetide
TRIAL_dayvigo_128,dayvigo trial for Alzheimer's Disease,Alzheimer's Disease,2.0,False,ongoing,,Alzheimer's Disease (Phase 2),AlzForum.Therapeutics,dayvigo
TRIAL_deep-brain-stimulation-fornix_129,deep-brain-stimulation-fornix trial for Alzheimer's Disease,Alzheimer's Disease,3.0,True,ongoing,,Alzheimer's Disease (Phase 3),AlzForum.Therapeutics,deep-brain-stimulation-fornix
TRIAL_deep-brain-stimulation-nucleus-basalis-meynert_130,deep-brain-stimulation-nucleus-basalis-meynert trial for Alzheimer's Disease,Alzheimer's Disease,2.0,False,ongoing,,Alzheimer's Disease (Phase 2),AlzForum.Therapeutics,deep-brain-stimulation-nucleus-basalis-meynert
TRIAL_deferiprone_131,"deferiprone trial for Alzheimer's Disease, Parkinson's Disease, Amyotrophic Lateral Sclerosis","Alzheimer's Disease, Parkinson's Disease, Amyotrophic Lateral Sclerosis",2.0,False,ongoing,,"Alzheimer's Disease (Phase 2), Parkinson's Disease (Phase 2/3), Amyotrophic Lateral Sclerosis (Phase 2/3)",AlzForum.Therapeutics,deferiprone
TRIAL_dexpramipexole_132,"dexpramipexole trial for Alzheimer's Disease, Amyotrophic Lateral Sclerosis","Alzheimer's Disease, Amyotrophic Lateral Sclerosis",2.0,False,discontinued,1.0,"Alzheimer's Disease (Phase 2), Amyotrophic Lateral Sclerosis (Discontinued)",AlzForum.Therapeutics,dexpramipexole
TRIAL_dimebon_133,"dimebon trial for Alzheimer's Disease, Huntington's Disease","Alzheimer's Disease, Huntington's Disease",,False,discontinued,,"Alzheimer's Disease (Discontinued), Huntington's Disease (Discontinued)",AlzForum.Therapeutics,dimebon
TRIAL_dipraglurant_134,dipraglurant trial for Parkinson's Disease,Parkinson's Disease,,False,discontinued,,Parkinson's Disease (Discontinued),AlzForum.Therapeutics,dipraglurant
TRIAL_dnl151_135,dnl151 trial for Parkinson's Disease,Parkinson's Disease,2.0,False,ongoing,,Parkinson's Disease (Phase 2),AlzForum.Therapeutics,dnl151
TRIAL_dnl201_136,dnl201 trial for Parkinson's Disease,Parkinson's Disease,,False,unknown,,Parkinson's Disease (Inactive),AlzForum.Therapeutics,dnl201
TRIAL_dnl343_137,dnl343 trial for Amyotrophic Lateral Sclerosis,Amyotrophic Lateral Sclerosis,,False,discontinued,,Amyotrophic Lateral Sclerosis (Discontinued),AlzForum.Therapeutics,dnl343
TRIAL_dnl593_138,dnl593 trial for Frontotemporal Dementia,Frontotemporal Dementia,1.0,False,ongoing,,Frontotemporal Dementia (Phase 1/2),AlzForum.Therapeutics,dnl593
TRIAL_dnl747_139,"dnl747 trial for Alzheimer's Disease, Amyotrophic Lateral Sclerosis","Alzheimer's Disease, Amyotrophic Lateral Sclerosis",,False,unknown,,"Alzheimer's Disease (Inactive), Amyotrophic Lateral Sclerosis (Inactive)",AlzForum.Therapeutics,dnl747
TRIAL_dnl788_140,dnl788 trial for Amyotrophic Lateral Sclerosis,Amyotrophic Lateral Sclerosis,,False,discontinued,,Amyotrophic Lateral Sclerosis (Discontinued),AlzForum.Therapeutics,dnl788
TRIAL_dnl919_141,dnl919 trial for Alzheimer's Disease,Alzheimer's Disease,,False,discontinued,,Alzheimer's Disease (Discontinued),AlzForum.Therapeutics,dnl919
TRIAL_docosahexaenoic-acid-dha_142,docosahexaenoic-acid-dha trial for Alzheimer's Disease,Alzheimer's Disease,4.0,True,ongoing,,Alzheimer's Disease (Phase 4),AlzForum.Therapeutics,docosahexaenoic-acid-dha
TRIAL_donepezil_143,"donepezil trial for Alzheimer's Disease, Dementia with Lewy Bodies, Down's Syndrome, Parkinson's Disease Dementia","Alzheimer's Disease, Dementia with Lewy Bodies, Down's Syndrome, Parkinson's Disease Dementia",,False,approved,,"Alzheimer's Disease (Approved), Dementia with Lewy Bodies (Inactive), Down's Syndrome (Inactive), Parkinson's Disease Dementia (Inactive)",AlzForum.Therapeutics,donepezil
TRIAL_dronabinol_144,dronabinol trial for Alzheimer's Disease,Alzheimer's Disease,2.0,False,ongoing,,Alzheimer's Disease (Phase 2),AlzForum.Therapeutics,dronabinol
TRIAL_e2511_145,e2511 trial for Alzheimer's Disease,Alzheimer's Disease,1.0,False,ongoing,,Alzheimer's Disease (Phase 1),AlzForum.Therapeutics,e2511
TRIAL_edaravone_146,edaravone trial for Amyotrophic Lateral Sclerosis,Amyotrophic Lateral Sclerosis,4.0,True,ongoing,,Amyotrophic Lateral Sclerosis (Phase 4),AlzForum.Therapeutics,edaravone
TRIAL_edicotinib_147,edicotinib trial for Alzheimer's Disease,Alzheimer's Disease,1.0,False,ongoing,,Alzheimer's Disease (Phase 1),AlzForum.Therapeutics,edicotinib
TRIAL_edonerpic_148,edonerpic trial for Alzheimer's Disease,Alzheimer's Disease,,False,discontinued,,Alzheimer's Disease (Discontinued),AlzForum.Therapeutics,edonerpic
TRIAL_efavirenz_149,efavirenz trial for Alzheimer's Disease,Alzheimer's Disease,1.0,False,ongoing,,Alzheimer's Disease (Phase 1),AlzForum.Therapeutics,efavirenz
TRIAL_eht-0202_150,eht-0202 trial for Alzheimer's Disease,Alzheimer's Disease,2.0,False,ongoing,,Alzheimer's Disease (Phase 2),AlzForum.Therapeutics,eht-0202
TRIAL_elenbecestat_151,elenbecestat trial for Alzheimer's Disease,Alzheimer's Disease,3.0,False,discontinued,3.0,Alzheimer's Disease (Discontinued),AlzForum.Therapeutics,elenbecestat
TRIAL_elnd005_152,elnd005 trial for Alzheimer's Disease,Alzheimer's Disease,2.0,False,unknown,2.0,Alzheimer's Disease (Inactive),AlzForum.Therapeutics,elnd005
TRIAL_empagliflozin_153,empagliflozin trial for Alzheimer's Disease,Alzheimer's Disease,1.0,False,ongoing,,Alzheimer's Disease (Phase 1),AlzForum.Therapeutics,empagliflozin
TRIAL_emrusolmin_154,"emrusolmin trial for Parkinson's Disease, Multiple System Atrophy","Parkinson's Disease, Multiple System Atrophy",2.0,False,ongoing,,"Parkinson's Disease (Phase 1/2), Multiple System Atrophy (Phase 2)",AlzForum.Therapeutics,emrusolmin
TRIAL_emtricitabine_155,emtricitabine trial for Alzheimer's Disease,Alzheimer's Disease,1.0,False,ongoing,,Alzheimer's Disease (Phase 1),AlzForum.Therapeutics,emtricitabine
TRIAL_encenicline_156,"encenicline trial for Alzheimer's Disease, Schizophrenia","Alzheimer's Disease, Schizophrenia",3.0,False,discontinued,3.0,"Alzheimer's Disease (Discontinued), Schizophrenia (Discontinued)",AlzForum.Therapeutics,encenicline
TRIAL_engensis-0_157,engensis-0 trial for Amyotrophic Lateral Sclerosis,Amyotrophic Lateral Sclerosis,2.0,False,ongoing,,Amyotrophic Lateral Sclerosis (Phase 2),AlzForum.Therapeutics,engensis-0
TRIAL_epigallocatechin-gallate-egcg_158,"epigallocatechin-gallate-egcg trial for Alzheimer's Disease, Down's Syndrome, Multiple System Atrophy","Alzheimer's Disease, Down's Syndrome, Multiple System Atrophy",3.0,True,ongoing,,"Alzheimer's Disease (Phase 2/3), Down's Syndrome (Phase 2), Multiple System Atrophy (Phase 3)",AlzForum.Therapeutics,epigallocatechin-gallate-egcg
TRIAL_epothilone-d_159,epothilone-d trial for Alzheimer's Disease,Alzheimer's Disease,,False,discontinued,,Alzheimer's Disease (Discontinued),AlzForum.Therapeutics,epothilone-d
TRIAL_eptastigmine_160,eptastigmine trial for Alzheimer's Disease,Alzheimer's Disease,,False,discontinued,,Alzheimer's Disease (Discontinued),AlzForum.Therapeutics,eptastigmine
TRIAL_estrogen_161,estrogen trial for Alzheimer's Disease,Alzheimer's Disease,,False,discontinued,,Alzheimer's Disease (Discontinued),AlzForum.Therapeutics,estrogen
TRIAL_etalanetug_162,etalanetug trial for Alzheimer's Disease,Alzheimer's Disease,23.0,False,ongoing,2.0,Alzheimer's Disease (Phase 2/3),AlzForum.Therapeutics,etalanetug
TRIAL_etanercept_163,etanercept trial for Alzheimer's Disease,Alzheimer's Disease,2.0,False,ongoing,,Alzheimer's Disease (Phase 2),AlzForum.Therapeutics,etanercept
TRIAL_evp-0962_164,"evp-0962 trial for Alzheimer's Disease, Mild Cognitive Impairment","Alzheimer's Disease, Mild Cognitive Impairment",2.0,False,discontinued,1.0,"Alzheimer's Disease (Discontinued), Mild Cognitive Impairment (Discontinued)",AlzForum.Therapeutics,evp-0962
TRIAL_exenatide_165,"exenatide trial for Alzheimer's Disease, Parkinson's Disease","Alzheimer's Disease, Parkinson's Disease",3.0,True,ongoing,,"Alzheimer's Disease (Inactive), Parkinson's Disease (Phase 3)",AlzForum.Therapeutics,exenatide
TRIAL_exidavnemab_166,"exidavnemab trial for Parkinson's Disease, Multiple System Atrophy","Parkinson's Disease, Multiple System Atrophy",2.0,False,ongoing,,"Parkinson's Disease (Phase 2), Multiple System Atrophy (Phase 2)",AlzForum.Therapeutics,exidavnemab
TRIAL_ezeprogind_167,ezeprogind trial for Progressive Supranuclear Palsy,Progressive Supranuclear Palsy,2.0,False,ongoing,,Progressive Supranuclear Palsy (Phase 2),AlzForum.Therapeutics,ezeprogind
TRIAL_flurizan_168,flurizan trial for Alzheimer's Disease,Alzheimer's Disease,,False,discontinued,,Alzheimer's Disease (Discontinued),AlzForum.Therapeutics,flurizan
TRIAL_focused-ultrasound-blood-brain-barrier_169,"focused-ultrasound-blood-brain-barrier trial for Alzheimer's Disease, Amyotrophic Lateral Sclerosis, Mild Cognitive Impairment, Parkinson's Disease","Alzheimer's Disease, Amyotrophic Lateral Sclerosis, Mild Cognitive Impairment, Parkinson's Disease",1.0,False,ongoing,,"Alzheimer's Disease (Phase 1), Amyotrophic Lateral Sclerosis (Phase 1), Mild Cognitive Impairment (Phase 1), Parkinson's Disease (Phase 1)",AlzForum.Therapeutics,focused-ultrasound-blood-brain-barrier
TRIAL_foralumab_170,"foralumab trial for Alzheimer's Disease, Amyotrophic Lateral Sclerosis","Alzheimer's Disease, Amyotrophic Lateral Sclerosis",2.0,False,ongoing,,"Alzheimer's Disease (Phase 2), Amyotrophic Lateral Sclerosis (Phase 2)",AlzForum.Therapeutics,foralumab
TRIAL_fosgonimeton_171,"fosgonimeton trial for Alzheimer's Disease, Dementia with Lewy Bodies, Parkinson's Disease Dementia","Alzheimer's Disease, Dementia with Lewy Bodies, Parkinson's Disease Dementia",2.0,False,discontinued,4.0,"Alzheimer's Disease (Discontinued), Dementia with Lewy Bodies (Discontinued), Parkinson's Disease Dementia (Discontinued)",AlzForum.Therapeutics,fosgonimeton
TRIAL_fosigotifator_172,fosigotifator trial for Amyotrophic Lateral Sclerosis,Amyotrophic Lateral Sclerosis,,False,discontinued,,Amyotrophic Lateral Sclerosis (Discontinued),AlzForum.Therapeutics,fosigotifator
TRIAL_frm-0334_173,frm-0334 trial for Frontotemporal Dementia,Frontotemporal Dementia,2.0,False,discontinued,1.0,Frontotemporal Dementia (Discontinued),AlzForum.Therapeutics,frm-0334
TRIAL_g-csf_174,g-csf trial for Alzheimer's Disease,Alzheimer's Disease,2.0,False,ongoing,,Alzheimer's Disease (Phase 2),AlzForum.Therapeutics,g-csf
TRIAL_galantamine_175,galantamine trial for Alzheimer's Disease,Alzheimer's Disease,,False,approved,,Alzheimer's Disease (Approved),AlzForum.Therapeutics,galantamine
TRIAL_gammagardr_176,gammagardr trial for Alzheimer's Disease,Alzheimer's Disease,,False,discontinued,,Alzheimer's Disease (Discontinued),AlzForum.Therapeutics,gammagardr
TRIAL_gamunex_177,gamunex trial for Alzheimer's Disease,Alzheimer's Disease,23.0,False,ongoing,1.0,Alzheimer's Disease (Phase 2/3),AlzForum.Therapeutics,gamunex
TRIAL_gantenerumab_178,gantenerumab trial for Alzheimer's Disease,Alzheimer's Disease,23.0,False,discontinued,9.0,Alzheimer's Disease (Discontinued),AlzForum.Therapeutics,gantenerumab
TRIAL_gc021109_179,gc021109 trial for Alzheimer's Disease,Alzheimer's Disease,1.0,False,ongoing,,Alzheimer's Disease (Phase 1),AlzForum.Therapeutics,gc021109
TRIAL_gemfibrozil_180,gemfibrozil trial for Alzheimer's Disease,Alzheimer's Disease,1.0,False,ongoing,,Alzheimer's Disease (Phase 1),AlzForum.Therapeutics,gemfibrozil
TRIAL_gosuranemab_181,"gosuranemab trial for Progressive Supranuclear Palsy, Alzheimer's Disease","Progressive Supranuclear Palsy, Alzheimer's Disease",2.0,False,discontinued,2.0,"Progressive Supranuclear Palsy (Discontinued), Alzheimer's Disease (Discontinued)",AlzForum.Therapeutics,gosuranemab
TRIAL_grf6019_182,grf6019 trial for Alzheimer's Disease,Alzheimer's Disease,2.0,False,ongoing,1.0,Alzheimer's Disease (Phase 2),AlzForum.Therapeutics,grf6019
TRIAL_grf6021_183,grf6021 trial for Parkinson's Disease Dementia,Parkinson's Disease Dementia,2.0,False,ongoing,,Parkinson's Disease Dementia (Phase 2),AlzForum.Therapeutics,grf6021
TRIAL_gsk239512_184,gsk239512 trial for Alzheimer's Disease,Alzheimer's Disease,,False,discontinued,,Alzheimer's Disease (Discontinued),AlzForum.Therapeutics,gsk239512
TRIAL_gsk2647544_185,gsk2647544 trial for Alzheimer's Disease,Alzheimer's Disease,1.0,False,ongoing,,Alzheimer's Disease (Phase 1),AlzForum.Therapeutics,gsk2647544
TRIAL_gsk933776_186,gsk933776 trial for Alzheimer's Disease,Alzheimer's Disease,,False,unknown,,Alzheimer's Disease (Inactive),AlzForum.Therapeutics,gsk933776
TRIAL_gt-02287_187,gt-02287 trial for Parkinson's Disease,Parkinson's Disease,1.0,False,ongoing,,Parkinson's Disease (Phase 1),AlzForum.Therapeutics,gt-02287
TRIAL_guanfacine_188,guanfacine trial for Alzheimer's Disease,Alzheimer's Disease,3.0,True,ongoing,1.0,Alzheimer's Disease (Phase 3),AlzForum.Therapeutics,guanfacine
TRIAL_gv-971_189,gv-971 trial for Alzheimer's Disease,Alzheimer's Disease,,False,unknown,,Alzheimer's Disease (Inactive),AlzForum.Therapeutics,gv-971
TRIAL_gv1001_190,gv1001 trial for Alzheimer's Disease,Alzheimer's Disease,3.0,True,ongoing,,Alzheimer's Disease (Phase 3),AlzForum.Therapeutics,gv1001
TRIAL_hf0220_191,hf0220 trial for Alzheimer's Disease,Alzheimer's Disease,,False,discontinued,,Alzheimer's Disease (Discontinued),AlzForum.Therapeutics,hf0220
TRIAL_hmtm_192,"hmtm trial for Alzheimer's Disease, Frontotemporal Dementia","Alzheimer's Disease, Frontotemporal Dementia",23.0,True,ongoing,5.0,"Alzheimer's Disease (Phase 3), Frontotemporal Dementia (Phase 3)",AlzForum.Therapeutics,hmtm
TRIAL_htl0018318_193,"htl0018318 trial for Alzheimer's Disease, Dementia with Lewy Bodies","Alzheimer's Disease, Dementia with Lewy Bodies",,False,unknown,,"Alzheimer's Disease (Inactive), Dementia with Lewy Bodies (Inactive)",AlzForum.Therapeutics,htl0018318
TRIAL_huperzine_194,huperzine trial for Alzheimer's Disease,Alzheimer's Disease,,False,unknown,,Alzheimer's Disease (Inactive),AlzForum.Therapeutics,huperzine
TRIAL_ibc-ab002_195,ibc-ab002 trial for Alzheimer's Disease,Alzheimer's Disease,1.0,False,ongoing,,Alzheimer's Disease (Phase 1),AlzForum.Therapeutics,ibc-ab002
TRIAL_ibuprofen_196,ibuprofen trial for Alzheimer's Disease,Alzheimer's Disease,,False,discontinued,,Alzheimer's Disease (Discontinued),AlzForum.Therapeutics,ibuprofen
TRIAL_iclepertin_197,"iclepertin trial for Alzheimer's Disease, Schizophrenia","Alzheimer's Disease, Schizophrenia",3.0,True,discontinued,1.0,"Alzheimer's Disease (Discontinued), Schizophrenia (Phase 3)",AlzForum.Therapeutics,iclepertin
TRIAL_idalopirdine_198,"idalopirdine trial for Alzheimer's Disease, Schizophrenia","Alzheimer's Disease, Schizophrenia",3.0,False,discontinued,5.0,"Alzheimer's Disease (Discontinued), Schizophrenia (Inactive)",AlzForum.Therapeutics,idalopirdine
TRIAL_idebenone_199,idebenone trial for Alzheimer's Disease,Alzheimer's Disease,,False,discontinued,,Alzheimer's Disease (Discontinued),AlzForum.Therapeutics,idebenone
TRIAL_intepirdine_200,"intepirdine trial for Alzheimer's Disease, Dementia with Lewy Bodies","Alzheimer's Disease, Dementia with Lewy Bodies",3.0,False,discontinued,4.0,"Alzheimer's Disease (Discontinued), Dementia with Lewy Bodies (Discontinued)",AlzForum.Therapeutics,intepirdine
TRIAL_intranasal-oxytocin_201,intranasal-oxytocin trial for Frontotemporal Dementia,Frontotemporal Dementia,2.0,False,ongoing,,Frontotemporal Dementia (Phase 2),AlzForum.Therapeutics,intranasal-oxytocin
TRIAL_inzomelid_202,"inzomelid trial for Alzheimer's Disease, Parkinson's Disease","Alzheimer's Disease, Parkinson's Disease",,False,discontinued,,"Alzheimer's Disease (Discontinued), Parkinson's Disease (Discontinued)",AlzForum.Therapeutics,inzomelid
TRIAL_ion464_203,ion464 trial for Multiple System Atrophy,Multiple System Atrophy,,False,discontinued,,Multiple System Atrophy (Discontinued),AlzForum.Therapeutics,ion464
TRIAL_ion859_204,ion859 trial for Parkinson's Disease,Parkinson's Disease,,False,discontinued,,Parkinson's Disease (Discontinued),AlzForum.Therapeutics,ion859
TRIAL_irsenontrine_205,irsenontrine trial for Dementia with Lewy Bodies,Dementia with Lewy Bodies,2.0,False,ongoing,,Dementia with Lewy Bodies (Phase 2),AlzForum.Therapeutics,irsenontrine
TRIAL_iti-1284_206,iti-1284 trial for Alzheimer's Disease,Alzheimer's Disease,2.0,False,ongoing,,Alzheimer's Disease (Phase 2),AlzForum.Therapeutics,iti-1284
TRIAL_jnj-64042056_207,jnj-64042056 trial for Alzheimer's Disease,Alzheimer's Disease,2.0,False,ongoing,,Alzheimer's Disease (Phase 2/3),AlzForum.Therapeutics,jnj-64042056
TRIAL_karxt_208,karxt trial for Alzheimer's Disease,Alzheimer's Disease,3.0,True,ongoing,,Alzheimer's Disease (Phase 3),AlzForum.Therapeutics,karxt
TRIAL_ketasyn_209,ketasyn trial for Alzheimer's Disease,Alzheimer's Disease,4.0,True,ongoing,,Alzheimer's Disease (Phase 4),AlzForum.Therapeutics,ketasyn
TRIAL_kisunla_210,kisunla trial for Alzheimer's Disease,Alzheimer's Disease,3.0,False,approved,3.0,Alzheimer's Disease (Approved),AlzForum.Therapeutics,kisunla
TRIAL_kmct-ons_211,kmct-ons trial for Alzheimer's Disease,Alzheimer's Disease,,False,unknown,,Alzheimer's Disease (Not Regulated),AlzForum.Therapeutics,kmct-ons
TRIAL_kp405_212,kp405 trial for Parkinson's Disease,Parkinson's Disease,1.0,False,ongoing,,Parkinson's Disease (Phase 1),AlzForum.Therapeutics,kp405
TRIAL_kynmobi_213,kynmobi trial for Parkinson's Disease,Parkinson's Disease,,False,approved,,Parkinson's Disease (Approved),AlzForum.Therapeutics,kynmobi
TRIAL_ladostigil_214,"ladostigil trial for Mild Cognitive Impairment, Alzheimer's Disease","Mild Cognitive Impairment, Alzheimer's Disease",2.0,False,discontinued,,"Mild Cognitive Impairment (Phase 2), Alzheimer's Disease (Discontinued)",AlzForum.Therapeutics,ladostigil
TRIAL_lamivudine_215,lamivudine trial for Alzheimer's Disease,Alzheimer's Disease,2.0,False,ongoing,,Alzheimer's Disease (Phase 2),AlzForum.Therapeutics,lamivudine
TRIAL_latozinemab_216,"latozinemab trial for Frontotemporal Dementia, Amyotrophic Lateral Sclerosis","Frontotemporal Dementia, Amyotrophic Lateral Sclerosis",,False,discontinued,,"Frontotemporal Dementia (Discontinued), Amyotrophic Lateral Sclerosis (Inactive)",AlzForum.Therapeutics,latozinemab
TRIAL_lenalidomide_217,lenalidomide trial for Alzheimer's Disease,Alzheimer's Disease,2.0,False,ongoing,,Alzheimer's Disease (Phase 2),AlzForum.Therapeutics,lenalidomide
TRIAL_leqembi_218,leqembi trial for Alzheimer's Disease,Alzheimer's Disease,3.0,False,approved,3.0,Alzheimer's Disease (Approved),AlzForum.Therapeutics,leqembi
TRIAL_leucettinib-21_219,"leucettinib-21 trial for Alzheimer's Disease, Down's Syndrome","Alzheimer's Disease, Down's Syndrome",1.0,False,ongoing,,"Alzheimer's Disease (Phase 1), Down's Syndrome (Phase 1)",AlzForum.Therapeutics,leucettinib-21
TRIAL_leuprolide_220,leuprolide trial for Alzheimer's Disease,Alzheimer's Disease,2.0,False,ongoing,,Alzheimer's Disease (Phase 2),AlzForum.Therapeutics,leuprolide
TRIAL_levetiracetam_221,"levetiracetam trial for Alzheimer's Disease, Parkinson's Disease","Alzheimer's Disease, Parkinson's Disease",2.0,False,discontinued,1.0,"Alzheimer's Disease (Phase 2), Parkinson's Disease (Discontinued)",AlzForum.Therapeutics,levetiracetam
TRIAL_levodopa_222,levodopa trial for Parkinson's Disease,Parkinson's Disease,,False,approved,,Parkinson's Disease (Approved),AlzForum.Therapeutics,levodopa
TRIAL_linopirdine_223,linopirdine trial for Alzheimer's Disease,Alzheimer's Disease,,False,discontinued,,Alzheimer's Disease (Discontinued),AlzForum.Therapeutics,linopirdine
TRIAL_liraglutide_224,"liraglutide trial for Alzheimer's Disease, Parkinson's Disease","Alzheimer's Disease, Parkinson's Disease",2.0,False,ongoing,,"Alzheimer's Disease (Phase 2), Parkinson's Disease (Phase 2)",AlzForum.Therapeutics,liraglutide
TRIAL_lithium_225,"lithium trial for Alzheimer's Disease, Amyotrophic Lateral Sclerosis, Frontotemporal Dementia, Mild Cognitive Impairment, Parkinson's Disease","Alzheimer's Disease, Amyotrophic Lateral Sclerosis, Frontotemporal Dementia, Mild Cognitive Impairment, Parkinson's Disease",4.0,True,ongoing,,"Alzheimer's Disease (Phase 4), Amyotrophic Lateral Sclerosis (Phase 3), Frontotemporal Dementia (Inactive), Mild Cognitive Impairment (Phase 4), Parkinson's Disease (Phase 2)",AlzForum.Therapeutics,lithium
TRIAL_lixisenatide_226,lixisenatide trial for Parkinson's Disease,Parkinson's Disease,2.0,False,ongoing,,Parkinson's Disease (Phase 2),AlzForum.Therapeutics,lixisenatide
TRIAL_lm11a-31-bhs_227,lm11a-31-bhs trial for Alzheimer's Disease,Alzheimer's Disease,2.0,False,ongoing,,Alzheimer's Disease (Phase 2),AlzForum.Therapeutics,lm11a-31-bhs
TRIAL_lomecel-b_228,lomecel-b trial for Alzheimer's Disease,Alzheimer's Disease,2.0,False,ongoing,,Alzheimer's Disease (Phase 2),AlzForum.Therapeutics,lomecel-b
TRIAL_lornoxicam_229,"lornoxicam trial for Alzheimer's Disease, Mild Cognitive Impairment","Alzheimer's Disease, Mild Cognitive Impairment",,False,discontinued,,"Alzheimer's Disease (Discontinued), Mild Cognitive Impairment (Discontinued)",AlzForum.Therapeutics,lornoxicam
TRIAL_losartan_230,losartan trial for Alzheimer's Disease,Alzheimer's Disease,2.0,False,ongoing,,Alzheimer's Disease (Phase 2),AlzForum.Therapeutics,losartan
TRIAL_low-dose-interleukin-2_231,"low-dose-interleukin-2 trial for Alzheimer's Disease, Amyotrophic Lateral Sclerosis","Alzheimer's Disease, Amyotrophic Lateral Sclerosis",3.0,True,ongoing,,"Alzheimer's Disease (Phase 2), Amyotrophic Lateral Sclerosis (Phase 3)",AlzForum.Therapeutics,low-dose-interleukin-2
TRIAL_low-intensity-focused-ultrasound_232,"low-intensity-focused-ultrasound trial for Alzheimer's Disease, Mild Cognitive Impairment, Parkinson's Disease","Alzheimer's Disease, Mild Cognitive Impairment, Parkinson's Disease",3.0,True,ongoing,,"Alzheimer's Disease (Phase 3), Mild Cognitive Impairment (Phase 2), Parkinson's Disease (Phase 2)",AlzForum.Therapeutics,low-intensity-focused-ultrasound
TRIAL_lti-291_233,lti-291 trial for Parkinson's Disease,Parkinson's Disease,2.0,False,ongoing,,Parkinson's Disease (Phase 2),AlzForum.Therapeutics,lti-291
TRIAL_lu-af20513_234,lu-af20513 trial for Alzheimer's Disease,Alzheimer's Disease,,False,discontinued,,Alzheimer's Disease (Discontinued),AlzForum.Therapeutics,lu-af20513
TRIAL_lu-af82422_235,"lu-af82422 trial for Parkinson's Disease, Multiple System Atrophy","Parkinson's Disease, Multiple System Atrophy",2.0,False,ongoing,,"Parkinson's Disease (Phase 1), Multiple System Atrophy (Phase 2)",AlzForum.Therapeutics,lu-af82422
TRIAL_lu-af87908_236,lu-af87908 trial for Alzheimer's Disease,Alzheimer's Disease,1.0,False,ongoing,,Alzheimer's Disease (Phase 1),AlzForum.Therapeutics,lu-af87908
TRIAL_lu-af88434_237,lu-af88434 trial for Mild Cognitive Impairment,Mild Cognitive Impairment,,False,discontinued,,Mild Cognitive Impairment (Discontinued),AlzForum.Therapeutics,lu-af88434
TRIAL_lu25-109_238,lu25-109 trial for Alzheimer's Disease,Alzheimer's Disease,,False,discontinued,,Alzheimer's Disease (Discontinued),AlzForum.Therapeutics,lu25-109
TRIAL_lumateperone_239,"lumateperone trial for Alzheimer's Disease, Schizophrenia, Bipolar Disorder","Alzheimer's Disease, Schizophrenia, Bipolar Disorder",,False,approved,,"Alzheimer's Disease (Discontinued), Schizophrenia (Approved), Bipolar Disorder (Approved)",AlzForum.Therapeutics,lumateperone
TRIAL_lx1001_240,lx1001 trial for Alzheimer's Disease,Alzheimer's Disease,1.0,False,ongoing,,Alzheimer's Disease (Phase 1/2),AlzForum.Therapeutics,lx1001
TRIAL_ly2599666_241,ly2599666 trial for Alzheimer's Disease,Alzheimer's Disease,,False,discontinued,,Alzheimer's Disease (Discontinued),AlzForum.Therapeutics,ly2599666
TRIAL_ly2886721_242,"ly2886721 trial for Alzheimer's Disease, Mild Cognitive Impairment","Alzheimer's Disease, Mild Cognitive Impairment",,False,discontinued,,"Alzheimer's Disease (Discontinued), Mild Cognitive Impairment (Discontinued)",AlzForum.Therapeutics,ly2886721
TRIAL_ly3202626_243,ly3202626 trial for Alzheimer's Disease,Alzheimer's Disease,2.0,False,discontinued,1.0,Alzheimer's Disease (Discontinued),AlzForum.Therapeutics,ly3202626
TRIAL_ly3884961_244,ly3884961 trial for Parkinson's Disease,Parkinson's Disease,1.0,False,ongoing,,Parkinson's Disease (Phase 1/2),AlzForum.Therapeutics,ly3884961
TRIAL_ly3884963_245,ly3884963 trial for Frontotemporal Dementia,Frontotemporal Dementia,1.0,False,ongoing,,Frontotemporal Dementia (Phase 1/2),AlzForum.Therapeutics,ly3884963
TRIAL_ly3954068_246,ly3954068 trial for Alzheimer's Disease,Alzheimer's Disease,1.0,False,ongoing,,Alzheimer's Disease (Phase 1),AlzForum.Therapeutics,ly3954068
TRIAL_ly3962681_247,ly3962681 trial for Parkinson's Disease,Parkinson's Disease,1.0,False,ongoing,,Parkinson's Disease (Phase 1),AlzForum.Therapeutics,ly3962681
TRIAL_masitinib_248,"masitinib trial for Alzheimer's Disease, Amyotrophic Lateral Sclerosis","Alzheimer's Disease, Amyotrophic Lateral Sclerosis",3.0,True,ongoing,2.0,"Alzheimer's Disease (Phase 3), Amyotrophic Lateral Sclerosis (Phase 3)",AlzForum.Therapeutics,masitinib
TRIAL_masupirdine_249,masupirdine trial for Alzheimer's Disease,Alzheimer's Disease,3.0,True,ongoing,1.0,Alzheimer's Disease (Phase 3),AlzForum.Therapeutics,masupirdine
TRIAL_medi1814_250,medi1814 trial for Alzheimer's Disease,Alzheimer's Disease,,False,discontinued,,Alzheimer's Disease (Discontinued),AlzForum.Therapeutics,medi1814
TRIAL_melatonin_251,melatonin trial for Alzheimer's Disease,Alzheimer's Disease,2.0,False,ongoing,,Alzheimer's Disease (Phase 2),AlzForum.Therapeutics,melatonin
TRIAL_mem-1003_252,"mem-1003 trial for Alzheimer's Disease, Mild Cognitive Impairment, Vascular Dementia, Bipolar Disorder","Alzheimer's Disease, Mild Cognitive Impairment, Vascular Dementia, Bipolar Disorder",,False,discontinued,,"Alzheimer's Disease (Discontinued), Mild Cognitive Impairment (Discontinued), Vascular Dementia (Discontinued), Bipolar Disorder (Discontinued)",AlzForum.Therapeutics,mem-1003
TRIAL_memantine_253,memantine trial for Alzheimer's Disease,Alzheimer's Disease,,False,approved,,Alzheimer's Disease (Approved),AlzForum.Therapeutics,memantine
TRIAL_memorem-transcranial-electromagnetic-treatment_254,memorem-transcranial-electromagnetic-treatment trial for Alzheimer's Disease,Alzheimer's Disease,1.0,False,ongoing,,Alzheimer's Disease (Phase 1),AlzForum.Therapeutics,memorem-transcranial-electromagnetic-treatment
TRIAL_metformin_255,metformin trial for Alzheimer's Disease,Alzheimer's Disease,2.0,False,ongoing,,Alzheimer's Disease (Phase 2/3),AlzForum.Therapeutics,metformin
TRIAL_methylphenidate_256,methylphenidate trial for Alzheimer's Disease,Alzheimer's Disease,4.0,True,ongoing,,Alzheimer's Disease (Phase 4),AlzForum.Therapeutics,methylphenidate
TRIAL_metrifonate_257,metrifonate trial for Alzheimer's Disease,Alzheimer's Disease,,False,discontinued,,Alzheimer's Disease (Discontinued),AlzForum.Therapeutics,metrifonate
TRIAL_mevidalen_258,"mevidalen trial for Parkinson's Disease Dementia, Dementia with Lewy Bodies","Parkinson's Disease Dementia, Dementia with Lewy Bodies",2.0,False,ongoing,,"Parkinson's Disease Dementia (Phase 2), Dementia with Lewy Bodies (Phase 2)",AlzForum.Therapeutics,mevidalen
TRIAL_milameline_259,milameline trial for Alzheimer's Disease,Alzheimer's Disease,,False,discontinued,,Alzheimer's Disease (Discontinued),AlzForum.Therapeutics,milameline
TRIAL_minocycline_260,minocycline trial for Alzheimer's Disease,Alzheimer's Disease,,False,discontinued,,Alzheimer's Disease (Discontinued),AlzForum.Therapeutics,minocycline
TRIAL_minzasolmin_261,minzasolmin trial for Parkinson's Disease,Parkinson's Disease,,False,discontinued,,Parkinson's Disease (Discontinued),AlzForum.Therapeutics,minzasolmin
TRIAL_mirtazapine_262,mirtazapine trial for Alzheimer's Disease,Alzheimer's Disease,3.0,True,ongoing,,Alzheimer's Disease (Phase 3),AlzForum.Therapeutics,mirtazapine
TRIAL_mivelsiran_263,"mivelsiran trial for Alzheimer's Disease, Cerebral Amyloid Angiopathy","Alzheimer's Disease, Cerebral Amyloid Angiopathy",2.0,False,ongoing,,"Alzheimer's Disease (Phase 1), Cerebral Amyloid Angiopathy (Phase 2)",AlzForum.Therapeutics,mivelsiran
TRIAL_mk-1167_264,mk-1167 trial for Alzheimer's Disease,Alzheimer's Disease,2.0,False,ongoing,,Alzheimer's Disease (Phase 2),AlzForum.Therapeutics,mk-1167
TRIAL_mk-1942_265,mk-1942 trial for Alzheimer's Disease,Alzheimer's Disease,,False,discontinued,,Alzheimer's Disease (Discontinued),AlzForum.Therapeutics,mk-1942
TRIAL_mk-2214_266,mk-2214 trial for Alzheimer's Disease,Alzheimer's Disease,2.0,False,ongoing,1.0,Alzheimer's Disease (Phase 2),AlzForum.Therapeutics,mk-2214
TRIAL_mk-7622_267,mk-7622 trial for Alzheimer's Disease,Alzheimer's Disease,2.0,False,discontinued,1.0,Alzheimer's Disease (Discontinued),AlzForum.Therapeutics,mk-7622
TRIAL_mk-8189_268,mk-8189 trial for Alzheimer's Disease,Alzheimer's Disease,1.0,False,ongoing,,Alzheimer's Disease (Phase 1),AlzForum.Therapeutics,mk-8189
TRIAL_mkc-231_269,mkc-231 trial for Alzheimer's Disease,Alzheimer's Disease,,False,unknown,,Alzheimer's Disease (Inactive),AlzForum.Therapeutics,mkc-231
TRIAL_montelukast_270,"montelukast trial for Alzheimer's Disease, Parkinson's Disease","Alzheimer's Disease, Parkinson's Disease",2.0,False,ongoing,,"Alzheimer's Disease (Phase 2), Parkinson's Disease (Phase 2)",AlzForum.Therapeutics,montelukast
TRIAL_msdc-0160_271,msdc-0160 trial for Alzheimer's Disease,Alzheimer's Disease,2.0,False,ongoing,,Alzheimer's Disease (Phase 2),AlzForum.Therapeutics,msdc-0160
TRIAL_multivitamin-mineral-supplement_272,multivitamin-mineral-supplement trial for Mild Cognitive Impairment,Mild Cognitive Impairment,,False,unknown,,Mild Cognitive Impairment (Not Regulated),AlzForum.Therapeutics,multivitamin-mineral-supplement
TRIAL_mw150-0_273,mw150-0 trial for Alzheimer's Disease,Alzheimer's Disease,2.0,False,ongoing,,Alzheimer's Disease (Phase 2),AlzForum.Therapeutics,mw150-0
TRIAL_mw151_274,mw151 trial for Alzheimer's Disease,Alzheimer's Disease,1.0,False,ongoing,,Alzheimer's Disease (Phase 1),AlzForum.Therapeutics,mw151
TRIAL_na-831_275,na-831 trial for Alzheimer's Disease,Alzheimer's Disease,2.0,False,ongoing,,Alzheimer's Disease (Phase 2),AlzForum.Therapeutics,na-831
TRIAL_nabilone_276,"nabilone trial for Alzheimer's Disease, Parkinson's Disease","Alzheimer's Disease, Parkinson's Disease",3.0,True,ongoing,,"Alzheimer's Disease (Phase 3), Parkinson's Disease (Phase 2)",AlzForum.Therapeutics,nabilone
TRIAL_naproxen_277,naproxen trial for Alzheimer's Disease,Alzheimer's Disease,,False,discontinued,,Alzheimer's Disease (Discontinued),AlzForum.Therapeutics,naproxen
TRIAL_nasal-insulin_278,"nasal-insulin trial for Alzheimer's Disease, Mild Cognitive Impairment, Parkinson's Disease, Multiple System Atrophy","Alzheimer's Disease, Mild Cognitive Impairment, Parkinson's Disease, Multiple System Atrophy",2.0,False,ongoing,,"Alzheimer's Disease (Phase 2/3), Mild Cognitive Impairment (Phase 2), Parkinson's Disease (Phase 2), Multiple System Atrophy (Phase 2)",AlzForum.Therapeutics,nasal-insulin
TRIAL_nb-4746_279,nb-4746 trial for Amyotrophic Lateral Sclerosis,Amyotrophic Lateral Sclerosis,1.0,False,ongoing,,Amyotrophic Lateral Sclerosis (Phase 1),AlzForum.Therapeutics,nb-4746
TRIAL_nefiracetam_280,nefiracetam trial for Alzheimer's Disease,Alzheimer's Disease,,False,discontinued,,Alzheimer's Disease (Discontinued),AlzForum.Therapeutics,nefiracetam
TRIAL_neflamapimod_281,"neflamapimod trial for Alzheimer's Disease, Dementia with Lewy Bodies, Huntington's Disease","Alzheimer's Disease, Dementia with Lewy Bodies, Huntington's Disease",2.0,False,discontinued,2.0,"Alzheimer's Disease (Phase 2), Dementia with Lewy Bodies (Phase 2), Huntington's Disease (Discontinued)",AlzForum.Therapeutics,neflamapimod
TRIAL_nelonicline_282,"nelonicline trial for Alzheimer's Disease, Schizophrenia","Alzheimer's Disease, Schizophrenia",2.0,False,discontinued,5.0,"Alzheimer's Disease (Discontinued), Schizophrenia (Inactive)",AlzForum.Therapeutics,nelonicline
TRIAL_nelotanserin_283,nelotanserin trial for Dementia with Lewy Bodies,Dementia with Lewy Bodies,,False,discontinued,,Dementia with Lewy Bodies (Discontinued),AlzForum.Therapeutics,nelotanserin
TRIAL_neotrofin_284,neotrofin trial for Alzheimer's Disease,Alzheimer's Disease,,False,discontinued,,Alzheimer's Disease (Discontinued),AlzForum.Therapeutics,neotrofin
TRIAL_neramexane_285,neramexane trial for Alzheimer's Disease,Alzheimer's Disease,,False,discontinued,,Alzheimer's Disease (Discontinued),AlzForum.Therapeutics,neramexane
TRIAL_neu-411_286,neu-411 trial for Parkinson's Disease,Parkinson's Disease,2.0,False,ongoing,,Parkinson's Disease (Phase 2),AlzForum.Therapeutics,neu-411
TRIAL_neuroad_287,neuroad trial for Alzheimer's Disease,Alzheimer's Disease,,False,unknown,,Alzheimer's Disease (Rejected),AlzForum.Therapeutics,neuroad
TRIAL_nic5-15_288,nic5-15 trial for Alzheimer's Disease,Alzheimer's Disease,2.0,False,ongoing,2.0,Alzheimer's Disease (Phase 2),AlzForum.Therapeutics,nic5-15
TRIAL_nicotinamide-riboside_289,"nicotinamide-riboside trial for Alzheimer's Disease, Parkinson's Disease, Mild Cognitive Impairment","Alzheimer's Disease, Parkinson's Disease, Mild Cognitive Impairment",2.0,False,ongoing,,"Alzheimer's Disease (Phase 1), Parkinson's Disease (Phase 2), Mild Cognitive Impairment (Phase 1/2)",AlzForum.Therapeutics,nicotinamide-riboside
TRIAL_nilotinib_290,"nilotinib trial for Parkinson's Disease, Dementia with Lewy Bodies, Alzheimer's Disease","Parkinson's Disease, Dementia with Lewy Bodies, Alzheimer's Disease",2.0,False,ongoing,,"Parkinson's Disease (Phase 2), Dementia with Lewy Bodies (Phase 2), Alzheimer's Disease (Inactive)",AlzForum.Therapeutics,nilotinib
TRIAL_nilvadipine_291,nilvadipine trial for Alzheimer's Disease,Alzheimer's Disease,,False,unknown,,Alzheimer's Disease (Inactive),AlzForum.Therapeutics,nilvadipine
TRIAL_nimodipine_292,nimodipine trial for Frontotemporal Dementia,Frontotemporal Dementia,,False,discontinued,,Frontotemporal Dementia (Discontinued),AlzForum.Therapeutics,nimodipine
TRIAL_nio752_293,"nio752 trial for Progressive Supranuclear Palsy, Alzheimer's Disease","Progressive Supranuclear Palsy, Alzheimer's Disease",1.0,False,ongoing,,"Progressive Supranuclear Palsy (Phase 1), Alzheimer's Disease (Phase 1)",AlzForum.Therapeutics,nio752
TRIAL_nivegacetor_294,nivegacetor trial for Alzheimer's Disease,Alzheimer's Disease,2.0,False,ongoing,,Alzheimer's Disease (Phase 2/3),AlzForum.Therapeutics,nivegacetor
TRIAL_nmra-511_295,nmra-511 trial for Alzheimer's Disease,Alzheimer's Disease,1.0,False,ongoing,,Alzheimer's Disease (Phase 1),AlzForum.Therapeutics,nmra-511
TRIAL_npt520-34_296,"npt520-34 trial for Amyotrophic Lateral Sclerosis, Parkinson's Disease","Amyotrophic Lateral Sclerosis, Parkinson's Disease",1.0,False,ongoing,,"Amyotrophic Lateral Sclerosis (Phase 1), Parkinson's Disease (Phase 1)",AlzForum.Therapeutics,npt520-34
TRIAL_ns2330_297,ns2330 trial for Alzheimer's Disease,Alzheimer's Disease,,False,discontinued,,Alzheimer's Disease (Discontinued),AlzForum.Therapeutics,ns2330
TRIAL_nsc001_298,nsc001 trial for Alzheimer's Disease,Alzheimer's Disease,1.0,False,ongoing,,Alzheimer's Disease (Phase 1/2),AlzForum.Therapeutics,nsc001
TRIAL_nt-0796_299,nt-0796 trial for Parkinson's Disease,Parkinson's Disease,1.0,False,ongoing,,Parkinson's Disease (Phase 1/2),AlzForum.Therapeutics,nt-0796
TRIAL_ntrx-07_300,ntrx-07 trial for Alzheimer's Disease,Alzheimer's Disease,1.0,False,ongoing,,Alzheimer's Disease (Phase 1),AlzForum.Therapeutics,ntrx-07
TRIAL_nuplazid_301,"nuplazid trial for Alzheimer's Disease, Schizophrenia, Dementia, Depression","Alzheimer's Disease, Schizophrenia, Dementia, Depression",,False,discontinued,,"Alzheimer's Disease (Rejected), Schizophrenia (Discontinued), Dementia (Rejected), Depression (Discontinued)",AlzForum.Therapeutics,nuplazid
TRIAL_nurowntm_302,nurowntm trial for Amyotrophic Lateral Sclerosis,Amyotrophic Lateral Sclerosis,3.0,True,ongoing,,Amyotrophic Lateral Sclerosis (Phase 3),AlzForum.Therapeutics,nurowntm
TRIAL_nuz-001_303,nuz-001 trial for Amyotrophic Lateral Sclerosis,Amyotrophic Lateral Sclerosis,1.0,False,ongoing,,Amyotrophic Lateral Sclerosis (Phase 1),AlzForum.Therapeutics,nuz-001
TRIAL_nx210c_304,"nx210c trial for Amyotrophic Lateral Sclerosis, Parkinson's Disease","Amyotrophic Lateral Sclerosis, Parkinson's Disease",2.0,False,ongoing,,"Amyotrophic Lateral Sclerosis (Phase 2), Parkinson's Disease (Phase 1)",AlzForum.Therapeutics,nx210c
TRIAL_nyx-458_305,nyx-458 trial for PD-MCI,PD-MCI,,False,discontinued,,PD-MCI (Discontinued),AlzForum.Therapeutics,nyx-458
TRIAL_obicetrapib_306,obicetrapib trial for Alzheimer's Disease,Alzheimer's Disease,2.0,False,ongoing,,Alzheimer's Disease (Phase 2),AlzForum.Therapeutics,obicetrapib
TRIAL_octagam%C2%AE_307,"octagam%C2%AE trial for Alzheimer's Disease, Mild Cognitive Impairment","Alzheimer's Disease, Mild Cognitive Impairment",2.0,False,unknown,2.0,"Alzheimer's Disease (Inactive), Mild Cognitive Impairment (Inactive)",AlzForum.Therapeutics,octagam%C2%AE
TRIAL_olx-07010_308,olx-07010 trial for Alzheimer's Disease,Alzheimer's Disease,1.0,False,ongoing,,Alzheimer's Disease (Phase 1),AlzForum.Therapeutics,olx-07010
TRIAL_opm-201_309,opm-201 trial for Parkinson's Disease,Parkinson's Disease,1.0,False,ongoing,,Parkinson's Disease (Phase 1),AlzForum.Therapeutics,opm-201
TRIAL_orm-12741_310,orm-12741 trial for Alzheimer's Disease,Alzheimer's Disease,2.0,False,ongoing,1.0,Alzheimer's Disease (Phase 2),AlzForum.Therapeutics,orm-12741
TRIAL_pbft02_311,pbft02 trial for Frontotemporal Dementia,Frontotemporal Dementia,1.0,False,ongoing,,Frontotemporal Dementia (Phase 1/2),AlzForum.Therapeutics,pbft02
TRIAL_pbt2_312,"pbt2 trial for Alzheimer's Disease, Huntington's Disease","Alzheimer's Disease, Huntington's Disease",,False,unknown,,"Alzheimer's Disease (Inactive), Huntington's Disease (Inactive)",AlzForum.Therapeutics,pbt2
TRIAL_pepinemab_313,"pepinemab trial for Alzheimer's Disease, Huntington's Disease","Alzheimer's Disease, Huntington's Disease",2.0,False,ongoing,,"Alzheimer's Disease (Phase 1/2), Huntington's Disease (Phase 2)",AlzForum.Therapeutics,pepinemab
TRIAL_pf-05212377_314,pf-05212377 trial for Alzheimer's Disease,Alzheimer's Disease,2.0,False,discontinued,1.0,Alzheimer's Disease (Discontinued),AlzForum.Therapeutics,pf-05212377
TRIAL_pf-06648671_315,pf-06648671 trial for Alzheimer's Disease,Alzheimer's Disease,,False,discontinued,,Alzheimer's Disease (Discontinued),AlzForum.Therapeutics,pf-06648671
TRIAL_pf-06751979_316,pf-06751979 trial for Alzheimer's Disease,Alzheimer's Disease,,False,discontinued,,Alzheimer's Disease (Discontinued),AlzForum.Therapeutics,pf-06751979
TRIAL_pf-06852231_317,pf-06852231 trial for Alzheimer's Disease,Alzheimer's Disease,,False,discontinued,,Alzheimer's Disease (Discontinued),AlzForum.Therapeutics,pf-06852231
TRIAL_phenserine_318,phenserine trial for Alzheimer's Disease,Alzheimer's Disease,,False,unknown,,Alzheimer's Disease (Inactive),AlzForum.Therapeutics,phenserine
TRIAL_photobiomodulation_319,"photobiomodulation trial for Alzheimer's Disease, Mild Cognitive Impairment, Parkinson's Disease","Alzheimer's Disease, Mild Cognitive Impairment, Parkinson's Disease",,False,unknown,,"Alzheimer's Disease (Not Regulated), Mild Cognitive Impairment (Not Regulated), Parkinson's Disease (Not Regulated)",AlzForum.Therapeutics,photobiomodulation
TRIAL_physostigmine-salicylate_320,physostigmine-salicylate trial for Alzheimer's Disease,Alzheimer's Disease,,False,discontinued,,Alzheimer's Disease (Discontinued),AlzForum.Therapeutics,physostigmine-salicylate
TRIAL_pioglitazone_321,pioglitazone trial for Mild Cognitive Impairment,Mild Cognitive Impairment,3.0,True,ongoing,2.0,Mild Cognitive Impairment (Phase 3),AlzForum.Therapeutics,pioglitazone
TRIAL_piromelatine_322,piromelatine trial for Alzheimer's Disease,Alzheimer's Disease,2.0,False,ongoing,1.0,Alzheimer's Disease (Phase 2),AlzForum.Therapeutics,piromelatine
TRIAL_pmn310_323,pmn310 trial for Alzheimer's Disease,Alzheimer's Disease,1.0,False,ongoing,,Alzheimer's Disease (Phase 1),AlzForum.Therapeutics,pmn310
TRIAL_pnt001_324,"pnt001 trial for Alzheimer's Disease, Traumatic Brain Injury","Alzheimer's Disease, Traumatic Brain Injury",,False,unknown,,"Alzheimer's Disease (Inactive), Traumatic Brain Injury (Inactive)",AlzForum.Therapeutics,pnt001
TRIAL_ponezumab_325,"ponezumab trial for Alzheimer's Disease, Cerebral Amyloid Angiopathy","Alzheimer's Disease, Cerebral Amyloid Angiopathy",2.0,False,discontinued,2.0,"Alzheimer's Disease (Discontinued), Cerebral Amyloid Angiopathy (Discontinued)",AlzForum.Therapeutics,ponezumab
TRIAL_posdinemab_326,posdinemab trial for Mild AD,Mild AD,2.0,False,ongoing,1.0,Mild AD (Phase 2),AlzForum.Therapeutics,posdinemab
TRIAL_prasinezumab_327,prasinezumab trial for Parkinson's Disease,Parkinson's Disease,2.0,False,ongoing,,Parkinson's Disease (Phase 2),AlzForum.Therapeutics,prasinezumab
TRIAL_prazosin_328,prazosin trial for Alzheimer's Disease,Alzheimer's Disease,4.0,True,ongoing,,Alzheimer's Disease (Phase 4),AlzForum.Therapeutics,prazosin
TRIAL_prednisone_329,prednisone trial for Alzheimer's Disease,Alzheimer's Disease,,False,discontinued,,Alzheimer's Disease (Discontinued),AlzForum.Therapeutics,prednisone
TRIAL_pri-002_330,pri-002 trial for Alzheimer's Disease,Alzheimer's Disease,1.0,False,ongoing,,Alzheimer's Disease (Phase 1),AlzForum.Therapeutics,pri-002
TRIAL_pridopidine_331,"pridopidine trial for Amyotrophic Lateral Sclerosis, Huntington's Disease, Parkinson's Disease","Amyotrophic Lateral Sclerosis, Huntington's Disease, Parkinson's Disease",3.0,True,ongoing,,"Amyotrophic Lateral Sclerosis (Phase 2/3), Huntington's Disease (Phase 3), Parkinson's Disease (Inactive)",AlzForum.Therapeutics,pridopidine
TRIAL_primec_332,primec trial for Alzheimer's Disease,Alzheimer's Disease,2.0,False,ongoing,,Alzheimer's Disease (Phase 2),AlzForum.Therapeutics,primec
TRIAL_propentofylline_333,propentofylline trial for Alzheimer's Disease,Alzheimer's Disease,,False,discontinued,,Alzheimer's Disease (Discontinued),AlzForum.Therapeutics,propentofylline
TRIAL_protollin_334,protollin trial for Alzheimer's Disease,Alzheimer's Disease,1.0,False,ongoing,,Alzheimer's Disease (Phase 1),AlzForum.Therapeutics,protollin
TRIAL_prx-03140_335,prx-03140 trial for Alzheimer's Disease,Alzheimer's Disease,,False,unknown,,Alzheimer's Disease (Inactive),AlzForum.Therapeutics,prx-03140
TRIAL_prx012_336,prx012 trial for Alzheimer's Disease,Alzheimer's Disease,,False,unknown,,Alzheimer's Disease (Inactive),AlzForum.Therapeutics,prx012
TRIAL_pu-ad_337,pu-ad trial for Alzheimer's Disease,Alzheimer's Disease,2.0,False,ongoing,,Alzheimer's Disease (Phase 2),AlzForum.Therapeutics,pu-ad
TRIAL_pxt864_338,pxt864 trial for Alzheimer's Disease,Alzheimer's Disease,,False,discontinued,,Alzheimer's Disease (Discontinued),AlzForum.Therapeutics,pxt864
TRIAL_qalsodytm_339,qalsodytm trial for Amyotrophic Lateral Sclerosis,Amyotrophic Lateral Sclerosis,,False,approved,,Amyotrophic Lateral Sclerosis (Approved),AlzForum.Therapeutics,qalsodytm
TRIAL_qrl-101_340,qrl-101 trial for Amyotrophic Lateral Sclerosis,Amyotrophic Lateral Sclerosis,1.0,False,ongoing,,Amyotrophic Lateral Sclerosis (Phase 1),AlzForum.Therapeutics,qrl-101
TRIAL_qrl-201_341,qrl-201 trial for Amyotrophic Lateral Sclerosis,Amyotrophic Lateral Sclerosis,1.0,False,ongoing,,Amyotrophic Lateral Sclerosis (Phase 1),AlzForum.Therapeutics,qrl-201
TRIAL_rasagiline_342,"rasagiline trial for Alzheimer's Disease, Parkinson's Disease, Amyotrophic Lateral Sclerosis","Alzheimer's Disease, Parkinson's Disease, Amyotrophic Lateral Sclerosis",2.0,False,approved,,"Alzheimer's Disease (Phase 2), Parkinson's Disease (Approved), Amyotrophic Lateral Sclerosis (Inactive)",AlzForum.Therapeutics,rasagiline
TRIAL_relyvrio_343,"relyvrio trial for Amyotrophic Lateral Sclerosis, Alzheimer's Disease, Progressive Supranuclear Palsy","Amyotrophic Lateral Sclerosis, Alzheimer's Disease, Progressive Supranuclear Palsy",2.0,False,discontinued,1.0,"Amyotrophic Lateral Sclerosis (Withdrawn), Alzheimer's Disease (Inactive), Progressive Supranuclear Palsy (Discontinued)",AlzForum.Therapeutics,relyvrio
TRIAL_rem0045392_344,rem0045392 trial for Alzheimer's Disease,Alzheimer's Disease,1.0,False,ongoing,,Alzheimer's Disease (Phase 1),AlzForum.Therapeutics,rem0045392
TRIAL_rember-tm_345,rember-tm trial for Alzheimer's Disease,Alzheimer's Disease,,False,discontinued,,Alzheimer's Disease (Discontinued),AlzForum.Therapeutics,rember-tm
TRIAL_remternetug_346,remternetug trial for Alzheimer's Disease,Alzheimer's Disease,23.0,True,ongoing,3.0,Alzheimer's Disease (Phase 3),AlzForum.Therapeutics,remternetug
TRIAL_resveratrol_347,"resveratrol trial for Alzheimer's Disease, Mild Cognitive Impairment","Alzheimer's Disease, Mild Cognitive Impairment",4.0,True,ongoing,,"Alzheimer's Disease (Phase 3), Mild Cognitive Impairment (Phase 4)",AlzForum.Therapeutics,resveratrol
TRIAL_rg3487_348,rg3487 trial for Alzheimer's Disease,Alzheimer's Disease,,False,unknown,,Alzheimer's Disease (Inactive),AlzForum.Therapeutics,rg3487
TRIAL_rg7129_349,rg7129 trial for Alzheimer's Disease,Alzheimer's Disease,,False,discontinued,,Alzheimer's Disease (Discontinued),AlzForum.Therapeutics,rg7129
TRIAL_rg7345_350,rg7345 trial for Alzheimer's Disease,Alzheimer's Disease,,False,discontinued,,Alzheimer's Disease (Discontinued),AlzForum.Therapeutics,rg7345
TRIAL_rilapladib_351,rilapladib trial for Alzheimer's Disease,Alzheimer's Disease,,False,discontinued,,Alzheimer's Disease (Discontinued),AlzForum.Therapeutics,rilapladib
TRIAL_riluzole_352,"riluzole trial for Alzheimer's Disease, Parkinson's Disease, Amyotrophic Lateral Sclerosis, Huntington's Disease","Alzheimer's Disease, Parkinson's Disease, Amyotrophic Lateral Sclerosis, Huntington's Disease",2.0,False,approved,1.0,"Alzheimer's Disease (Phase 2), Parkinson's Disease (Discontinued), Amyotrophic Lateral Sclerosis (Approved), Huntington's Disease (Discontinued)",AlzForum.Therapeutics,riluzole
TRIAL_risvodetinib_353,risvodetinib trial for Parkinson's Disease,Parkinson's Disease,2.0,False,ongoing,,Parkinson's Disease (Phase 2),AlzForum.Therapeutics,risvodetinib
TRIAL_rivastigmine_354,"rivastigmine trial for Alzheimer's Disease, Parkinson's Disease Dementia","Alzheimer's Disease, Parkinson's Disease Dementia",,False,approved,,"Alzheimer's Disease (Approved), Parkinson's Disease Dementia (Approved)",AlzForum.Therapeutics,rivastigmine
TRIAL_rns60_355,rns60 trial for Amyotrophic Lateral Sclerosis,Amyotrophic Lateral Sclerosis,2.0,False,ongoing,,Amyotrophic Lateral Sclerosis (Phase 2),AlzForum.Therapeutics,rns60
TRIAL_rofecoxib_356,rofecoxib trial for Alzheimer's Disease,Alzheimer's Disease,,False,discontinued,,Alzheimer's Disease (Discontinued),AlzForum.Therapeutics,rofecoxib
TRIAL_rosiglitazone_357,rosiglitazone trial for Alzheimer's Disease,Alzheimer's Disease,,False,discontinued,,Alzheimer's Disease (Discontinued),AlzForum.Therapeutics,rosiglitazone
TRIAL_rotigotine_358,"rotigotine trial for Alzheimer's Disease, Frontotemporal Dementia","Alzheimer's Disease, Frontotemporal Dementia",2.0,False,ongoing,,"Alzheimer's Disease (Phase 2), Frontotemporal Dementia (Phase 2)",AlzForum.Therapeutics,rotigotine
TRIAL_s-38093_359,s-38093 trial for Alzheimer's Disease,Alzheimer's Disease,,False,discontinued,,Alzheimer's Disease (Discontinued),AlzForum.Therapeutics,s-38093
TRIAL_s-equol_360,s-equol trial for Alzheimer's Disease,Alzheimer's Disease,1.0,False,ongoing,,Alzheimer's Disease (Phase 1),AlzForum.Therapeutics,s-equol
TRIAL_s47445_361,s47445 trial for Alzheimer's Disease,Alzheimer's Disease,,False,discontinued,,Alzheimer's Disease (Discontinued),AlzForum.Therapeutics,s47445
TRIAL_s603_362,"s603 trial for Alzheimer's Disease, Mild Cognitive Impairment","Alzheimer's Disease, Mild Cognitive Impairment",1.0,False,ongoing,,"Alzheimer's Disease (Phase 1), Mild Cognitive Impairment (Phase 1)",AlzForum.Therapeutics,s603
TRIAL_sabeluzole_363,sabeluzole trial for Alzheimer's Disease,Alzheimer's Disease,,False,unknown,,Alzheimer's Disease (Inactive),AlzForum.Therapeutics,sabeluzole
TRIAL_sabirnetug_364,sabirnetug trial for Alzheimer's Disease,Alzheimer's Disease,2.0,False,ongoing,,Alzheimer's Disease (Phase 2/3),AlzForum.Therapeutics,sabirnetug
TRIAL_safinamide_365,"safinamide trial for Multiple System Atrophy, Parkinson's Disease","Multiple System Atrophy, Parkinson's Disease",2.0,False,approved,,"Multiple System Atrophy (Phase 2), Parkinson's Disease (Approved)",AlzForum.Therapeutics,safinamide
TRIAL_sage-718_366,"sage-718 trial for Alzheimer's Disease, Parkinson's Disease, Huntington's Disease","Alzheimer's Disease, Parkinson's Disease, Huntington's Disease",2.0,False,discontinued,,"Alzheimer's Disease (Phase 2), Parkinson's Disease (Discontinued), Huntington's Disease (Phase 2)",AlzForum.Therapeutics,sage-718
TRIAL_sar110894d_367,sar110894d trial for Alzheimer's Disease,Alzheimer's Disease,2.0,False,ongoing,,Alzheimer's Disease (Phase 2),AlzForum.Therapeutics,sar110894d
TRIAL_sar228810_368,sar228810 trial for Alzheimer's Disease,Alzheimer's Disease,,False,discontinued,,Alzheimer's Disease (Discontinued),AlzForum.Therapeutics,sar228810
TRIAL_sar446159_369,sar446159 trial for Parkinson's Disease,Parkinson's Disease,1.0,False,ongoing,,Parkinson's Disease (Phase 1),AlzForum.Therapeutics,sar446159
TRIAL_saracatinib_370,"saracatinib trial for Alzheimer's Disease, Parkinson's Disease","Alzheimer's Disease, Parkinson's Disease",2.0,False,discontinued,1.0,"Alzheimer's Disease (Discontinued), Parkinson's Disease (Phase 1)",AlzForum.Therapeutics,saracatinib
TRIAL_sargramostim_371,"sargramostim trial for Alzheimer's Disease, Parkinson's Disease","Alzheimer's Disease, Parkinson's Disease",2.0,False,ongoing,2.0,"Alzheimer's Disease (Phase 2), Parkinson's Disease (Phase 1)",AlzForum.Therapeutics,sargramostim
TRIAL_sb-202026_372,sb-202026 trial for Alzheimer's Disease,Alzheimer's Disease,,False,discontinued,,Alzheimer's Disease (Discontinued),AlzForum.Therapeutics,sb-202026
TRIAL_selnoflast_373,selnoflast trial for Parkinson's Disease,Parkinson's Disease,1.0,False,ongoing,,Parkinson's Disease (Phase 1),AlzForum.Therapeutics,selnoflast
TRIAL_seltorexant_374,seltorexant trial for Alzheimer's Disease,Alzheimer's Disease,,False,discontinued,,Alzheimer's Disease (Discontinued),AlzForum.Therapeutics,seltorexant
TRIAL_semagacestat_375,semagacestat trial for Alzheimer's Disease,Alzheimer's Disease,,False,discontinued,,Alzheimer's Disease (Discontinued),AlzForum.Therapeutics,semagacestat
TRIAL_semaglutide_376,"semaglutide trial for Alzheimer's Disease, Parkinson's Disease","Alzheimer's Disease, Parkinson's Disease",3.0,True,ongoing,,"Alzheimer's Disease (Phase 3), Parkinson's Disease (Phase 2)",AlzForum.Therapeutics,semaglutide
TRIAL_sembragiline_377,sembragiline trial for Alzheimer's Disease,Alzheimer's Disease,,False,discontinued,,Alzheimer's Disease (Discontinued),AlzForum.Therapeutics,sembragiline
TRIAL_semorinemab_378,semorinemab trial for Alzheimer's Disease,Alzheimer's Disease,,False,unknown,,Alzheimer's Disease (Inactive),AlzForum.Therapeutics,semorinemab
TRIAL_sensory-stimulation-systems_379,"sensory-stimulation-systems trial for Alzheimer's Disease, Parkinson's Disease, Down's Syndrome","Alzheimer's Disease, Parkinson's Disease, Down's Syndrome",3.0,True,ongoing,,"Alzheimer's Disease (Phase 3), Parkinson's Disease (Not Regulated), Down's Syndrome (Not Regulated)",AlzForum.Therapeutics,sensory-stimulation-systems
TRIAL_sgs-742_380,sgs-742 trial for Alzheimer's Disease,Alzheimer's Disease,,False,discontinued,,Alzheimer's Disease (Discontinued),AlzForum.Therapeutics,sgs-742
TRIAL_shr-1707_381,shr-1707 trial for Alzheimer's Disease,Alzheimer's Disease,2.0,False,ongoing,,Alzheimer's Disease (Phase 2),AlzForum.Therapeutics,shr-1707
TRIAL_simufilam_382,simufilam trial for Alzheimer's Disease,Alzheimer's Disease,2.0,False,discontinued,1.0,Alzheimer's Disease (Discontinued),AlzForum.Therapeutics,simufilam
TRIAL_simvastatin_383,"simvastatin trial for Alzheimer's Disease, Mild Cognitive Impairment","Alzheimer's Disease, Mild Cognitive Impairment",4.0,True,ongoing,,"Alzheimer's Disease (Inactive), Mild Cognitive Impairment (Phase 4)",AlzForum.Therapeutics,simvastatin
TRIAL_snp318_384,snp318 trial for Alzheimer's Disease,Alzheimer's Disease,1.0,False,ongoing,,Alzheimer's Disease (Phase 1),AlzForum.Therapeutics,snp318
TRIAL_solanezumab_385,solanezumab trial for Alzheimer's Disease,Alzheimer's Disease,23.0,False,discontinued,11.0,Alzheimer's Disease (Discontinued),AlzForum.Therapeutics,solanezumab
TRIAL_solengepras_386,solengepras trial for Parkinson's Disease,Parkinson's Disease,3.0,True,ongoing,,Parkinson's Disease (Phase 3),AlzForum.Therapeutics,solengepras
TRIAL_souvenaid_387,souvenaid trial for Alzheimer's Disease,Alzheimer's Disease,,False,unknown,,Alzheimer's Disease (Not Regulated),AlzForum.Therapeutics,souvenaid
TRIAL_spg302_388,"spg302 trial for Alzheimer's Disease, Amyotrophic Lateral Sclerosis","Alzheimer's Disease, Amyotrophic Lateral Sclerosis",2.0,False,ongoing,,"Alzheimer's Disease (Phase 2), Amyotrophic Lateral Sclerosis (Phase 1/2)",AlzForum.Therapeutics,spg302
TRIAL_st101_389,st101 trial for Alzheimer's Disease,Alzheimer's Disease,,False,unknown,,Alzheimer's Disease (Inactive),AlzForum.Therapeutics,st101
TRIAL_suritozole_390,suritozole trial for Alzheimer's Disease,Alzheimer's Disease,,False,discontinued,,Alzheimer's Disease (Discontinued),AlzForum.Therapeutics,suritozole
TRIAL_suvn-g3031_391,suvn-g3031 trial for Alzheimer's Disease,Alzheimer's Disease,1.0,False,ongoing,,Alzheimer's Disease (Phase 1),AlzForum.Therapeutics,suvn-g3031
TRIAL_suvorexant_392,suvorexant trial for Alzheimer's Disease,Alzheimer's Disease,,False,approved,,Alzheimer's Disease (Approved),AlzForum.Therapeutics,suvorexant
TRIAL_t3d-959_393,t3d-959 trial for Alzheimer's Disease,Alzheimer's Disease,2.0,False,ongoing,,Alzheimer's Disease (Phase 2),AlzForum.Therapeutics,t3d-959
TRIAL_tacrine_394,tacrine trial for Alzheimer's Disease,Alzheimer's Disease,,False,approved,,Alzheimer's Disease (Approved),AlzForum.Therapeutics,tacrine
TRIAL_tak-341_395,"tak-341 trial for Parkinson's Disease, Multiple System Atrophy","Parkinson's Disease, Multiple System Atrophy",2.0,False,ongoing,,"Parkinson's Disease (Phase 1), Multiple System Atrophy (Phase 2)",AlzForum.Therapeutics,tak-341
TRIAL_tavapadon_396,tavapadon trial for Parkinson's Disease,Parkinson's Disease,3.0,True,ongoing,,Parkinson's Disease (Phase 3),AlzForum.Therapeutics,tavapadon
TRIAL_tb006_397,tb006 trial for Alzheimer's Disease,Alzheimer's Disease,1.0,False,ongoing,,Alzheimer's Disease (Phase 1),AlzForum.Therapeutics,tb006
TRIAL_telmisartan_398,telmisartan trial for Alzheimer's Disease,Alzheimer's Disease,2.0,False,ongoing,,Alzheimer's Disease (Phase 2),AlzForum.Therapeutics,telmisartan
TRIAL_thalidomide_399,thalidomide trial for Alzheimer's Disease,Alzheimer's Disease,23.0,False,discontinued,1.0,Alzheimer's Disease (Discontinued),AlzForum.Therapeutics,thalidomide
TRIAL_thn391_400,thn391 trial for Alzheimer's Disease,Alzheimer's Disease,1.0,False,ongoing,,Alzheimer's Disease (Phase 1),AlzForum.Therapeutics,thn391
TRIAL_tideglusib_401,"tideglusib trial for Alzheimer's Disease, Progressive Supranuclear Palsy","Alzheimer's Disease, Progressive Supranuclear Palsy",,False,discontinued,,"Alzheimer's Disease (Discontinued), Progressive Supranuclear Palsy (Discontinued)",AlzForum.Therapeutics,tideglusib
TRIAL_tilavonemab_402,"tilavonemab trial for Progressive Supranuclear Palsy, Alzheimer's Disease","Progressive Supranuclear Palsy, Alzheimer's Disease",2.0,False,discontinued,1.0,"Progressive Supranuclear Palsy (Discontinued), Alzheimer's Disease (Discontinued)",AlzForum.Therapeutics,tilavonemab
TRIAL_tpi-287_403,"tpi-287 trial for Alzheimer's Disease, Corticobasal Degeneration, Progressive Supranuclear Palsy","Alzheimer's Disease, Corticobasal Degeneration, Progressive Supranuclear Palsy",1.0,False,ongoing,,"Alzheimer's Disease (Inactive), Corticobasal Degeneration (Inactive), Progressive Supranuclear Palsy (Phase 1)",AlzForum.Therapeutics,tpi-287
TRIAL_tpn-101_404,"tpn-101 trial for ALS-FTD, Progressive Supranuclear Palsy","ALS-FTD, Progressive Supranuclear Palsy",2.0,False,ongoing,,"ALS-FTD (Phase 2), Progressive Supranuclear Palsy (Phase 2)",AlzForum.Therapeutics,tpn-101
TRIAL_transcutaneous-auricular-vagal-afferent-nerve-stimulation_405,"transcutaneous-auricular-vagal-afferent-nerve-stimulation trial for Alzheimer's Disease, Mild Cognitive Impairment, Parkinson's Disease","Alzheimer's Disease, Mild Cognitive Impairment, Parkinson's Disease",,False,unknown,,"Alzheimer's Disease (Not Regulated), Mild Cognitive Impairment (Not Regulated), Parkinson's Disease (Not Regulated)",AlzForum.Therapeutics,transcutaneous-auricular-vagal-afferent-nerve-stimulation
TRIAL_trappsolr-cyclotm_406,trappsolr-cyclotm trial for Alzheimer's Disease,Alzheimer's Disease,2.0,False,ongoing,,Alzheimer's Disease (Phase 2),AlzForum.Therapeutics,trappsolr-cyclotm
TRIAL_trazodone_407,"trazodone trial for Alzheimer's Disease, Mild Cognitive Impairment, Amyotrophic Lateral Sclerosis","Alzheimer's Disease, Mild Cognitive Impairment, Amyotrophic Lateral Sclerosis",3.0,True,ongoing,,"Alzheimer's Disease (Phase 3), Mild Cognitive Impairment (Phase 3), Amyotrophic Lateral Sclerosis (Phase 2/3)",AlzForum.Therapeutics,trazodone
TRIAL_tricaprilin_408,tricaprilin trial for Alzheimer's Disease,Alzheimer's Disease,23.0,True,ongoing,1.0,Alzheimer's Disease (Phase 3),AlzForum.Therapeutics,tricaprilin
TRIAL_troculeucel_409,troculeucel trial for Alzheimer's Disease,Alzheimer's Disease,2.0,False,ongoing,,Alzheimer's Disease (Phase 2),AlzForum.Therapeutics,troculeucel
TRIAL_trontinemab_410,trontinemab trial for Alzheimer's Disease,Alzheimer's Disease,3.0,True,ongoing,,Alzheimer's Disease (Phase 3),AlzForum.Therapeutics,trontinemab
TRIAL_troriluzole_411,troriluzole trial for Alzheimer's Disease,Alzheimer's Disease,,False,discontinued,,Alzheimer's Disease (Discontinued),AlzForum.Therapeutics,troriluzole
TRIAL_tw001_412,"tw001 trial for Alzheimer's Disease, Amyotrophic Lateral Sclerosis","Alzheimer's Disease, Amyotrophic Lateral Sclerosis",3.0,True,ongoing,,"Alzheimer's Disease (Phase 2), Amyotrophic Lateral Sclerosis (Phase 3)",AlzForum.Therapeutics,tw001
TRIAL_ub-311_413,ub-311 trial for Alzheimer's Disease,Alzheimer's Disease,2.0,False,ongoing,,Alzheimer's Disease (Phase 2),AlzForum.Therapeutics,ub-311
TRIAL_ub-312_414,ub-312 trial for Parkinson's Disease,Parkinson's Disease,2.0,False,ongoing,,Parkinson's Disease (Phase 2),AlzForum.Therapeutics,ub-312
TRIAL_ucb0022_415,ucb0022 trial for Parkinson's Disease,Parkinson's Disease,2.0,False,ongoing,,Parkinson's Disease (Phase 2),AlzForum.Therapeutics,ucb0022
TRIAL_ucb7853_416,ucb7853 trial for Parkinson's Disease,Parkinson's Disease,1.0,False,ongoing,,Parkinson's Disease (Phase 1),AlzForum.Therapeutics,ucb7853
TRIAL_ulefnersen_417,ulefnersen trial for Amyotrophic Lateral Sclerosis,Amyotrophic Lateral Sclerosis,3.0,True,ongoing,,Amyotrophic Lateral Sclerosis (Phase 3),AlzForum.Therapeutics,ulefnersen
TRIAL_umibecestat_418,umibecestat trial for Alzheimer's Disease,Alzheimer's Disease,23.0,False,discontinued,3.0,Alzheimer's Disease (Discontinued),AlzForum.Therapeutics,umibecestat
TRIAL_vafidemstat_419,vafidemstat trial for Alzheimer's Disease,Alzheimer's Disease,2.0,False,ongoing,,Alzheimer's Disease (Phase 2),AlzForum.Therapeutics,vafidemstat
TRIAL_valacyclovir_420,valacyclovir trial for Alzheimer's Disease,Alzheimer's Disease,2.0,False,ongoing,,Alzheimer's Disease (Phase 2),AlzForum.Therapeutics,valacyclovir
TRIAL_valproate_421,valproate trial for Alzheimer's Disease,Alzheimer's Disease,,False,unknown,,Alzheimer's Disease (Inactive),AlzForum.Therapeutics,valproate
TRIAL_vanutide-cridificar_422,vanutide-cridificar trial for Alzheimer's Disease,Alzheimer's Disease,2.0,False,discontinued,9.0,Alzheimer's Disease (Discontinued),AlzForum.Therapeutics,vanutide-cridificar
TRIAL_varenicline_423,varenicline trial for Alzheimer's Disease,Alzheimer's Disease,,False,discontinued,,Alzheimer's Disease (Discontinued),AlzForum.Therapeutics,varenicline
TRIAL_varoglutamstat_424,varoglutamstat trial for Alzheimer's Disease,Alzheimer's Disease,2.0,False,discontinued,3.0,Alzheimer's Disease (Discontinued),AlzForum.Therapeutics,varoglutamstat
TRIAL_vascepa_425,vascepa trial for Alzheimer's Disease,Alzheimer's Disease,2.0,False,ongoing,,Alzheimer's Disease (Phase 2/3),AlzForum.Therapeutics,vascepa
TRIAL_venglustat_426,venglustat trial for Parkinson's Disease,Parkinson's Disease,,False,unknown,,Parkinson's Disease (Inactive),AlzForum.Therapeutics,venglustat
TRIAL_verdiperstat_427,"verdiperstat trial for Motor Neuron Disease, Multiple System Atrophy, Primary Progressive Aphasia","Motor Neuron Disease, Multiple System Atrophy, Primary Progressive Aphasia",1.0,False,discontinued,,"Motor Neuron Disease (Discontinued), Multiple System Atrophy (Discontinued), Primary Progressive Aphasia (Phase 1)",AlzForum.Therapeutics,verdiperstat
TRIAL_verubecestat_428,verubecestat trial for Alzheimer's Disease,Alzheimer's Disease,23.0,False,discontinued,4.0,Alzheimer's Disease (Discontinued),AlzForum.Therapeutics,verubecestat
TRIAL_vg-3927_429,vg-3927 trial for Alzheimer's Disease,Alzheimer's Disease,1.0,False,ongoing,,Alzheimer's Disease (Phase 1),AlzForum.Therapeutics,vg-3927
TRIAL_vgl101_430,vgl101 trial for Adult-onset Leukoencephalopathy with Axonal Spheroids and Pigmented Glia,Adult-onset Leukoencephalopathy with Axonal Spheroids and Pigmented Glia,,False,discontinued,,Adult-onset Leukoencephalopathy with Axonal Spheroids and Pigmented Glia (Discontinued),AlzForum.Therapeutics,vgl101
TRIAL_vhb937_431,"vhb937 trial for Alzheimer's Disease, Amyotrophic Lateral Sclerosis","Alzheimer's Disease, Amyotrophic Lateral Sclerosis",2.0,False,ongoing,,"Alzheimer's Disease (Phase 1), Amyotrophic Lateral Sclerosis (Phase 2)",AlzForum.Therapeutics,vhb937
TRIAL_vodobatinib_432,"vodobatinib trial for Parkinson's Disease, Dementia with Lewy Bodies","Parkinson's Disease, Dementia with Lewy Bodies",,False,discontinued,,"Parkinson's Disease (Discontinued), Dementia with Lewy Bodies (Discontinued)",AlzForum.Therapeutics,vodobatinib
TRIAL_vq-101_433,vq-101 trial for Parkinson's Disease,Parkinson's Disease,1.0,False,ongoing,,Parkinson's Disease (Phase 1),AlzForum.Therapeutics,vq-101
TRIAL_vy-aadc_434,vy-aadc trial for Parkinson's Disease,Parkinson's Disease,1.0,False,discontinued,2.0,Parkinson's Disease (Discontinued),AlzForum.Therapeutics,vy-aadc
TRIAL_vy-tau01_435,vy-tau01 trial for Alzheimer's Disease,Alzheimer's Disease,1.0,False,ongoing,,Alzheimer's Disease (Phase 1),AlzForum.Therapeutics,vy-tau01
TRIAL_vyalev_436,vyalev trial for Parkinson's Disease,Parkinson's Disease,,False,approved,,Parkinson's Disease (Approved),AlzForum.Therapeutics,vyalev
TRIAL_wve-004_437,"wve-004 trial for Frontotemporal Dementia, Amyotrophic Lateral Sclerosis","Frontotemporal Dementia, Amyotrophic Lateral Sclerosis",,False,discontinued,,"Frontotemporal Dementia (Discontinued), Amyotrophic Lateral Sclerosis (Discontinued)",AlzForum.Therapeutics,wve-004
TRIAL_xaliproden_438,xaliproden trial for Alzheimer's Disease,Alzheimer's Disease,,False,discontinued,,Alzheimer's Disease (Discontinued),AlzForum.Therapeutics,xaliproden
TRIAL_xanamem_439,xanamem trial for Alzheimer's Disease,Alzheimer's Disease,2.0,False,ongoing,,Alzheimer's Disease (Phase 2),AlzForum.Therapeutics,xanamem
TRIAL_xpro1595_440,"xpro1595 trial for Alzheimer's Disease, Mild Cognitive Impairment","Alzheimer's Disease, Mild Cognitive Impairment",2.0,False,ongoing,,"Alzheimer's Disease (Phase 2), Mild Cognitive Impairment (Phase 2)",AlzForum.Therapeutics,xpro1595
TRIAL_young-plasma_441,"young-plasma trial for Progressive Supranuclear Palsy, Alzheimer's Disease","Progressive Supranuclear Palsy, Alzheimer's Disease",,False,unknown,,"Progressive Supranuclear Palsy (Inactive), Alzheimer's Disease (Inactive)",AlzForum.Therapeutics,young-plasma
TRIAL_ytx-7739_442,ytx-7739 trial for Parkinson's Disease,Parkinson's Disease,,False,discontinued,,Parkinson's Disease (Discontinued),AlzForum.Therapeutics,ytx-7739
TRIAL_zagotenemab_443,zagotenemab trial for Alzheimer's Disease,Alzheimer's Disease,2.0,False,discontinued,1.0,Alzheimer's Disease (Discontinued),AlzForum.Therapeutics,zagotenemab
TRIAL_zervimesine_444,"zervimesine trial for Alzheimer's Disease, Dementia with Lewy Bodies","Alzheimer's Disease, Dementia with Lewy Bodies",12.0,False,ongoing,3.0,"Alzheimer's Disease (Phase 2), Dementia with Lewy Bodies (Phase 2)",AlzForum.Therapeutics,zervimesine
TRIAL_zunveyltm_445,zunveyltm trial for Alzheimer's Disease,Alzheimer's Disease,,False,approved,,Alzheimer's Disease (Approved),AlzForum.Therapeutics,zunveyltm
